region,date,estimated_population,total_tests,confirmed,recovered,deaths,infected,closed,active,diff_infected,diff_recovered,diff_deaths,diff_closed,diff_active,diff2_infected,diff2_recovered,diff2_deaths,diff2_closed,diff2_active,diff3_infected,diff4_infected,diff5_infected,μ_closed,μ_infected,infected_per_1mi,deaths_per_1mi,recovered_per_1mi,closed_per_1mi,active_per_1mi,tests_per_confirmed,tests_per_1mi
,2020-01-22,,,1,0,0,1,0,1,,,,,,,,,,,,,,,0.0,,,,,,,
,2020-01-23,,,1,0,0,1,0,1,,,,,,,,,,,,,,,0.0,,,,,,,
,2020-01-24,,,3,0,0,3,0,3,,,,,,,,,,,,,,,0.0,,,,,,,
,2020-01-25,,,3,0,0,3,0,3,1.1666666666666667,,,,,,,,,,,,,,0.0,,,,,,,
,2020-01-26,,,4,1,0,4,1,3,1.1666666666666667,,,,,,,,,,,,,0.0,0.0,,,,,,,
,2020-01-27,,,5,1,0,5,1,4,1.0,,,,,,,,,,,,,0.0,0.0,,,,,,,
,2020-01-28,,,8,1,0,8,1,7,1.1666666666666667,,,,,-0.13888888888888892,,,,,,,,0.0,0.0,,,,,,,
,2020-01-29,,,8,2,0,8,2,6,1.0,0.5,,,,-0.11111111111111112,,,,,,,,0.0,0.0,,,,,,,
,2020-01-30,,,9,2,0,9,2,7,0.8333333333333334,0.5,,,,-0.11111111111111112,,,,,,,,0.0,0.0,,,,,,,
,2020-01-31,,,10,3,0,10,3,7,0.3333333333333333,0.6666666666666666,,,,-0.02777777777777779,,,,,,,,0.0,0.0,,,,,,,
,2020-02-01,,,10,4,0,10,4,6,0.5,0.5,,,,1.6944444444444444,0.0,,,,,,,0.0,0.0,,,,,,,
,2020-02-02,,,10,4,0,10,4,6,0.3333333333333333,0.6666666666666666,,,,1.75,0.19444444444444445,,,,,,,0.0,0.0,,,,,,,
,2020-02-03,,,10,5,0,10,5,5,1.0,0.5,,,,1.9444444444444444,0.3055555555555556,,,,0.5486111111111112,,,0.0,0.0,,,,,,,
,2020-02-04,,,11,5,0,11,5,6,11.166666666666666,0.5,,,,3.861111111111111,0.47222222222222227,,,,0.75,,,0.0,0.0,,,,,,,
,2020-02-05,,,11,6,0,11,6,5,11.333333333333334,1.6666666666666667,,,,3.8888888888888893,0.7222222222222222,,,,-0.14583333333333337,-0.12152777777777779,,0.0,0.0,,,,,,,
,2020-02-06,,,16,6,0,16,6,10,12.0,2.5,,,,4.75,1.0555555555555556,,,,-0.3402777777777779,-0.34548611111111116,,0.0,0.0,,,,,,,
,2020-02-07,,,77,7,0,77,7,70,23.666666666666668,3.3333333333333335,,,,1.361111111111111,1.4166666666666667,,,,0.0625,,,0.0,0.0,,,,,,,
,2020-02-08,,,78,14,0,78,14,64,23.666666666666668,5.0,,,,2.4999999999999996,1.3333333333333333,,,,-0.6319444444444445,,,0.0,0.0,,,,,,,
,2020-02-09,,,82,20,0,82,20,62,29.5,6.833333333333333,,,,4.138888888888889,1.4722222222222223,,,,0.9166666666666667,0.30729166666666674,,0.0,0.0,,,,,,,
,2020-02-10,,,153,25,0,153,25,128,19.333333333333332,9.0,,,,2.222222222222222,1.6944444444444444,,,,0.7222222222222224,,,0.0,0.0,,,,,,,
,2020-02-11,,,153,36,0,153,36,117,26.333333333333332,9.666666666666666,,,,5.027777777777778,1.7777777777777777,,,,1.291666666666667,-0.30729166666666674,-0.3376736111111112,0.0,0.0,,,,,,,
,2020-02-12,,,193,47,0,193,47,146,36.833333333333336,11.333333333333334,,,,5.388888888888889,2.055555555555556,,,,1.2777777777777777,-0.40798611111111116,,0.0,0.0,,,,,,,
,2020-02-13,,,193,61,0,193,61,132,37.0,13.5,,,,9.305555555555557,2.3055555555555554,,,,-0.3125000000000001,-1.0434027777777781,,0.0,0.0,,,,,,,
,2020-02-14,,,236,72,0,236,72,164,53.833333333333336,15.666666666666666,,,,7.333333333333333,2.9722222222222228,,,,-0.9097222222222223,-1.1458333333333333,,0.0,0.0,,,,,,,
,2020-02-15,,,303,88,0,303,88,215,61.833333333333336,19.166666666666668,,,,3.7777777777777772,3.305555555555556,,,,-2.881944444444445,,,0.0,0.0,,,,,,,
,2020-02-16,,,375,106,1,375,107,268,75.16666666666667,22.833333333333332,,,,1.75,3.4166666666666665,,,,-3.3055555555555554,,,0.009345794392523364,0.0026666666666666666,,,,,,,
,2020-02-17,,,476,130,1,476,131,345,70.33333333333333,27.5,,,,-2.2222222222222228,3.2222222222222228,,,,-3.520833333333333,,,0.007633587786259542,0.0021008403361344537,,,,,,,
,2020-02-18,,,564,162,1,564,163,401,59.5,31.166666666666668,,,,-5.888888888888889,2.6944444444444446,,,,-2.7777777777777777,,,0.006134969325153374,0.0017730496453900709,,,,,,,
,2020-02-19,,,644,198,1,644,199,445,47.5,34.0,0.3333333333333333,34.333333333333336,13.166666666666664,-10.305555555555555,1.9444444444444446,,,,,,,0.005025125628140704,0.0015527950310559005,,,,,,,
,2020-02-20,,,658,237,3,658,240,418,40.5,35.0,0.5,35.5,5.0,-9.36111111111111,0.8611111111111107,,,,,,,0.0125,0.004559270516717325,,,,,,,
,2020-02-21,,,660,275,3,660,278,382,26.5,35.333333333333336,0.5,35.833333333333336,-9.333333333333336,-7.555555555555556,-0.027777777777777974,,,,,,,0.01079136690647482,0.004545454545454545,,,,,,,
,2020-02-22,,,660,310,3,660,313,347,13.333333333333334,34.5,0.5,35.0,-21.666666666666664,-5.5,-0.8333333333333334,0.05555555555555555,-0.7777777777777778,-4.722222222222222,,,,0.009584664536741214,0.004545454545454545,,,,,,,
,2020-02-23,,,719,340,4,719,344,375,14.166666666666666,32.666666666666664,0.3333333333333333,33.0,-18.833333333333336,-5.666666666666667,-1.1944444444444446,0.0,-1.1944444444444446,-4.472222222222222,,,,0.011627906976744186,0.005563282336578581,,,,,,,
,2020-02-24,,,723,374,4,723,378,345,14.166666666666666,31.0,0.3333333333333333,31.333333333333332,-17.166666666666664,-3.25,-1.583333333333334,0.0,-1.583333333333334,-1.666666666666666,,,,0.010582010582010581,0.005532503457814661,,,,,,,
,2020-02-25,,,724,405,4,724,409,315,14.5,29.0,0.6666666666666666,29.666666666666668,-15.166666666666668,-0.8611111111111113,-1.722222222222222,0.0,-1.722222222222222,0.8611111111111108,,,,0.009779951100244499,0.0055248618784530384,,,,,,,
,2020-02-26,,,743,433,5,743,438,305,6.5,27.833333333333332,0.5,28.333333333333332,-21.833333333333332,-1.3055555555555556,-1.6388888888888886,0.0,-1.6388888888888886,0.33333333333333304,,,,0.01141552511415525,0.006729475100942127,,,,,,,
,2020-02-27,,,745,461,5,745,466,279,7.0,25.833333333333332,0.5,26.333333333333332,-19.333333333333332,-1.2777777777777777,-1.6666666666666667,0.05555555555555555,-1.6111111111111112,0.3333333333333335,,,,0.01072961373390558,0.006711409395973154,,,,,,,
,2020-02-28,,,747,484,7,747,491,256,8.166666666666666,24.166666666666668,0.5,24.666666666666668,-16.5,-1.3333333333333333,-1.5,-0.05555555555555555,-1.5555555555555556,0.22222222222222232,,,,0.014256619144602852,0.009370816599732263,,,,,,,
,2020-02-29,,,758,507,7,758,514,244,6.333333333333333,22.833333333333332,0.3333333333333333,23.166666666666664,-16.833333333333332,-0.11111111111111116,-1.5277777777777775,0.0,-1.5277777777777775,1.4166666666666663,,,,0.013618677042801557,0.009234828496042216,,,,,,,
,2020-03-01,,,765,529,7,765,536,229,6.5,21.0,0.6666666666666666,21.666666666666668,-15.166666666666668,0.0,-1.4166666666666667,0.027777777777777773,-1.388888888888889,1.388888888888889,,,,0.013059701492537313,0.009150326797385621,,,,,,,
,2020-03-02,,,773,550,7,773,557,216,6.5,20.0,0.3333333333333333,20.333333333333332,-13.833333333333332,-0.16666666666666652,-1.388888888888889,0.08333333333333333,-1.3055555555555558,1.1388888888888893,,,,0.012567324955116697,0.009055627425614488,,,,,,,
,2020-03-03,,,781,570,7,781,577,204,5.833333333333333,18.666666666666668,0.5,19.166666666666668,-13.333333333333336,-0.08333333333333333,-1.3055555555555554,0.11111111111111112,-1.1944444444444442,1.111111111111111,,,,0.012131715771230503,0.008962868117797696,,,,,,,
,2020-03-04,,,784,587,9,784,596,188,7.0,17.333333333333332,0.6666666666666666,18.0,-11.0,0.1944444444444445,-1.1666666666666667,0.02777777777777779,-1.1388888888888888,1.3333333333333333,,,,0.015100671140939598,0.011479591836734694,,,,,,,
,2020-03-05,,,786,604,9,786,613,173,7.166666666666667,15.833333333333334,1.0,16.833333333333336,-9.666666666666668,0.22222222222222218,-1.111111111111111,0.11111111111111112,-0.9999999999999998,1.2222222222222219,,,,0.01468189233278956,0.011450381679389313,,,,,,,
,2020-03-06,,13555,793,619,10,793,629,164,5.833333333333333,15.0,1.0,16.0,-10.166666666666668,0.16666666666666666,-1.0000000000000002,0.08333333333333333,-0.9166666666666669,1.0833333333333335,0.10416666666666666,,,0.01589825119236884,0.012610340479192938,,,,,,17.09331651954603,
,2020-03-07,,13855,807,633,11,807,644,163,7.666666666666667,14.0,0.8333333333333334,14.833333333333334,-7.166666666666667,0.44444444444444436,-0.8888888888888887,0.05555555555555556,-0.8333333333333331,1.2777777777777775,0.27083333333333337,,,0.017080745341614908,0.013630731102850062,,,,,,17.168525402726146,
,2020-03-08,,14154,816,645,13,816,658,158,7.833333333333333,13.333333333333334,1.0,14.333333333333334,-6.500000000000001,0.6111111111111112,-0.6111111111111113,-0.027777777777777773,-0.6388888888888891,1.2500000000000002,0.26388888888888884,0.15277777777777782,,0.019756838905775075,0.015931372549019607,,,,,,17.345588235294116,
,2020-03-09,,14635,816,660,13,816,673,143,6.833333333333333,12.666666666666666,1.0,13.666666666666666,-6.833333333333333,1.3055555555555556,-0.5277777777777777,-0.027777777777777773,-0.5555555555555555,1.8611111111111112,0.4513888888888889,0.046875000000000014,,0.019316493313521546,0.015931372549019607,,,,,,17.935049019607842,
,2020-03-10,,14970,830,671,14,830,685,145,9.666666666666666,12.0,1.0,13.0,-3.333333333333334,1.222222222222222,-0.2777777777777777,-0.02777777777777779,-0.30555555555555547,1.5277777777777777,0.7152777777777779,0.0920138888888889,-0.07378472222222224,0.020437956204379562,0.016867469879518072,,,,,,18.03614457831325,
,2020-03-11,,15413,833,684,15,833,699,134,10.833333333333334,12.166666666666666,0.8333333333333334,13.0,-2.166666666666666,2.25,-0.16666666666666666,-0.05555555555555556,-0.2222222222222222,2.4722222222222223,0.4583333333333334,-0.0364583333333333,-0.03472222222222223,0.02145922746781116,0.01800720288115246,,,,,,18.503001200480192,
,2020-03-12,,16089,834,695,16,834,711,123,13.666666666666666,11.833333333333334,0.8333333333333334,12.666666666666668,0.9999999999999982,3.4722222222222228,0.08333333333333333,-0.05555555555555556,0.02777777777777777,3.444444444444445,0.6319444444444444,-0.14236111111111113,-0.05338541666666667,0.02250351617440225,0.019184652278177457,,,,,,19.29136690647482,
,2020-03-13,,16530,865,705,17,865,722,143,15.0,12.333333333333334,0.6666666666666666,13.0,2.0,3.1388888888888893,0.388888888888889,-0.05555555555555556,0.3333333333333334,2.805555555555556,0.3055555555555557,-0.09201388888888891,,0.023545706371191136,0.019653179190751446,,,,,,19.109826589595375,
,2020-03-14,,16911,881,718,18,881,736,145,21.333333333333332,12.333333333333334,0.6666666666666666,13.0,8.333333333333332,3.75,0.44444444444444464,0.08333333333333331,0.5277777777777779,3.2222222222222223,0.14583333333333337,-0.12152777777777779,,0.024456521739130436,0.02043132803632236,,,,,,19.195232690124858,
,2020-03-15,,17219,898,731,18,898,749,149,27.666666666666668,13.166666666666666,0.6666666666666666,13.833333333333332,13.833333333333336,3.4722222222222228,0.7222222222222223,0.1111111111111111,0.8333333333333335,2.6388888888888893,0.09027777777777779,0.010416666666666574,,0.02403204272363151,0.0200445434298441,,,,,,19.174832962138083,
,2020-03-16,,17935,920,745,18,920,763,157,28.5,14.333333333333334,0.6666666666666666,15.0,13.5,4.055555555555556,0.7777777777777777,0.25,1.0277777777777777,3.0277777777777786,0.14583333333333326,-0.003472222222222293,,0.023591087811271297,0.01956521739130435,,,,,,19.494565217391305,
,2020-03-17,,18812,961,758,19,961,777,184,33.333333333333336,14.833333333333334,1.3333333333333333,16.166666666666668,17.166666666666668,3.5000000000000004,0.9999999999999997,0.3055555555555556,1.3055555555555554,2.194444444444445,0.347222222222222,0.17881944444444436,-0.005208333333333308,0.02445302445302445,0.019771071800208116,,,,,,19.57544224765869,
,2020-03-18,,20014,1000,774,20,1000,794,206,34.5,16.166666666666668,1.5,17.666666666666668,16.833333333333332,4.333333333333333,1.0555555555555556,0.4444444444444445,1.5,2.833333333333333,0.1319444444444442,0.09201388888888895,,0.02518891687657431,0.02,,,,,,20.014,
,2020-03-19,,21376,1036,791,21,1036,812,224,39.333333333333336,17.0,2.1666666666666665,19.166666666666668,20.166666666666668,4.861111111111111,1.3055555555555556,0.5,1.8055555555555556,3.0555555555555554,0.8055555555555552,-0.010416666666666657,-0.11892361111111106,0.02586206896551724,0.02027027027027027,,,,,,20.633204633204635,
,2020-03-20,,22743,1081,807,26,1081,833,248,42.333333333333336,18.333333333333332,2.5,20.833333333333332,21.500000000000004,4.583333333333333,1.583333333333333,0.5,2.083333333333333,2.5,0.5138888888888891,0.001736111111111216,-0.061631944444444475,0.031212484993997598,0.024051803885291396,,,,,,21.038852913968547,
,2020-03-21,,23805,1105,828,27,1105,855,250,53.666666666666664,19.5,3.3333333333333335,22.833333333333332,30.833333333333332,6.722222222222221,1.7777777777777775,0.5555555555555555,2.333333333333333,4.388888888888888,0.30555555555555536,-0.2968749999999999,,0.031578947368421054,0.024434389140271493,,,,,,21.542986425339368,
,2020-03-22,,24609,1156,847,31,1156,878,278,57.666666666666664,22.166666666666668,3.6666666666666665,25.833333333333336,31.83333333333333,6.388888888888889,2.361111111111111,0.3888888888888889,2.75,3.6388888888888893,0.13888888888888906,-0.15451388888888895,-0.0477430555555556,0.03530751708428246,0.026816608996539794,,,,,,21.288062283737023,
,2020-03-23,,25746,1215,868,34,1215,902,313,60.833333333333336,24.333333333333332,4.333333333333333,28.666666666666664,32.16666666666667,6.083333333333332,2.833333333333334,0.25,3.083333333333334,2.9999999999999982,-0.3819444444444444,-0.25868055555555547,,0.037694013303769404,0.027983539094650206,,,,,,21.190123456790122,
,2020-03-24,,26660,1322,891,40,1322,931,391,74.83333333333333,26.833333333333332,4.833333333333333,31.666666666666664,43.166666666666664,5.138888888888889,3.2222222222222228,0.13888888888888892,3.3611111111111116,1.7777777777777777,-0.10416666666666674,-0.1892361111111112,,0.04296455424274973,0.030257186081694403,,,,,,20.16641452344932,
,2020-03-25,,27532,1382,924,43,1382,967,415,77.66666666666667,31.166666666666668,4.5,35.66666666666667,42.0,5.194444444444444,3.3333333333333326,0.11111111111111109,3.4444444444444438,1.75,-0.7291666666666664,,,0.04446742502585315,0.031114327062228653,,,,,,19.921852387843703,
,2020-03-26,,28507,1446,953,52,1446,1005,441,78.83333333333333,35.333333333333336,4.0,39.333333333333336,39.49999999999999,5.972222222222222,3.7500000000000004,-0.11111111111111109,3.6388888888888893,2.333333333333333,-0.6180555555555557,,,0.051741293532338306,0.035961272475795295,,,,,,19.714384508990317,
,2020-03-27,,29389,1554,989,56,1554,1045,509,84.5,38.833333333333336,4.166666666666667,43.0,41.5,3.1666666666666665,4.000000000000001,-0.19444444444444442,3.8055555555555562,-0.6388888888888897,-0.5624999999999997,,,0.053588516746411484,0.036036036036036036,,,,,,18.911840411840412,
,2020-03-28,,29915,1622,1034,58,1622,1092,530,88.83333333333333,42.166666666666664,4.333333333333333,46.5,42.33333333333333,2.6666666666666665,3.9444444444444446,-0.19444444444444442,3.75,-1.0833333333333335,-0.9583333333333336,,,0.05311355311355311,0.035758323057953144,,,,,,18.44327990135635,
,2020-03-29,,30777,1688,1080,58,1688,1138,550,96.66666666666667,46.833333333333336,3.6666666666666665,50.5,46.16666666666667,2.944444444444445,3.7777777777777772,-0.027777777777777752,3.7499999999999996,-0.8055555555555545,-0.3263888888888887,,,0.050966608084358524,0.034360189573459717,,,,,,18.23281990521327,
,2020-03-30,,31800,1829,1124,65,1829,1189,640,93.83333333333333,50.833333333333336,3.6666666666666665,54.5,39.33333333333333,2.138888888888888,3.7222222222222214,-0.11111111111111116,3.6111111111111103,-1.4722222222222223,-0.2430555555555559,,,0.054667788057190914,0.035538545653362494,,,,,,17.386550027337343,
,2020-03-31,,32726,1915,1177,69,1915,1246,669,93.66666666666667,54.833333333333336,3.3333333333333335,58.16666666666667,35.5,1.8611111111111118,3.611111111111112,-0.055555555555555504,3.5555555555555567,-1.6944444444444449,-0.06944444444444464,,,0.05537720706260032,0.03603133159268929,,,,,,17.08929503916449,
,2020-04-01,,33733,2026,1234,74,2026,1308,718,96.5,58.0,3.8333333333333335,61.833333333333336,34.666666666666664,1.6944444444444429,3.305555555555556,0.02777777777777783,3.3333333333333335,-1.6388888888888906,0.17361111111111138,,,0.05657492354740061,0.03652517275419546,,,,,,16.65004935834156,
,2020-04-02,,34557,2117,1294,78,2117,1372,745,97.33333333333333,61.166666666666664,3.5,64.66666666666666,32.66666666666667,2.6666666666666665,3.2499999999999987,0.05555555555555558,3.3055555555555545,-0.638888888888888,0.2152777777777774,,,0.056851311953352766,0.03684459140292867,,,,,,16.323571091166745,
,2020-04-03,,35442,2184,1363,78,2184,1441,743,100.0,63.833333333333336,4.0,67.83333333333334,32.16666666666666,2.8333333333333335,2.9722222222222228,0.13888888888888892,3.1111111111111116,-0.2777777777777781,-0.26388888888888806,-0.34027777777777785,,0.05412907702984039,0.03571428571428571,,,,,,16.228021978021978,
,2020-04-04,,36304,2267,1428,81,2267,1509,758,106.83333333333333,66.66666666666667,3.8333333333333335,70.5,36.33333333333333,2.7222222222222214,3.0277777777777786,0.027777777777777752,3.0555555555555562,-0.3333333333333348,-0.6666666666666666,-0.44097222222222204,,0.0536779324055666,0.03573003970004411,,,,,,16.014115571239525,
,2020-04-05,,37219,2413,1491,86,2413,1577,836,109.83333333333333,70.33333333333333,4.0,74.33333333333333,35.5,0.6388888888888905,3.0277777777777772,0.08333333333333333,3.1111111111111107,-2.47222222222222,-1.1875,,,0.054533925174381735,0.035640281806879406,,,,,,15.42436800663075,
,2020-04-06,,39011,2515,1560,93,2515,1653,862,110.66666666666667,72.66666666666667,4.166666666666667,76.83333333333334,33.83333333333333,0.0,2.9166666666666656,-0.08333333333333333,2.833333333333332,-2.833333333333332,-1.5486111111111107,,,0.056261343012704176,0.036978131212723656,,,,,,15.511332007952285,
,2020-04-07,,40702,2667,1634,97,2667,1731,936,112.83333333333333,76.16666666666667,4.0,80.16666666666667,32.66666666666666,-1.9166666666666667,2.638888888888888,0.0,2.638888888888888,-4.5555555555555545,-0.8194444444444453,,,0.0560369728480647,0.03637045369328834,,,,,,15.261342332208473,
,2020-04-08,,42315,2776,1716,102,2776,1818,958,101.16666666666667,79.33333333333333,4.0,83.33333333333333,17.833333333333343,-3.4722222222222214,2.194444444444445,-0.08333333333333333,2.1111111111111116,-5.583333333333333,,,,0.056105610561056105,0.03674351585014409,,,,,,15.243155619596541,
,2020-04-09,,43886,2848,1799,103,2848,1902,946,100.0,81.33333333333333,3.5,84.83333333333333,15.166666666666671,-2.6388888888888906,1.7222222222222214,0.02777777777777768,1.7499999999999991,-4.388888888888889,,,,0.054153522607781286,0.03616573033707865,,,,,,15.40941011235955,
,2020-04-10,,45446,2944,1885,105,2944,1990,954,95.33333333333333,82.5,3.8333333333333335,86.33333333333333,9.0,-3.5833333333333335,1.0833333333333333,0.16666666666666666,1.25,-4.833333333333334,,,,0.052763819095477386,0.035665760869565216,,,,,,15.436820652173912,
,2020-04-11,,46547,3020,1967,110,3020,2077,943,89.0,83.5,3.5,87.0,2.0,0.4166666666666667,0.6944444444444452,0.11111111111111116,0.8055555555555564,-0.38888888888888967,,,,0.05296100144439095,0.03642384105960265,,,,,,15.412913907284768,
,2020-04-12,,47215,3115,2048,114,3115,2162,953,94.83333333333333,83.0,4.333333333333333,87.33333333333333,7.5,0.19444444444444522,0.6666666666666666,0.13888888888888884,0.8055555555555555,-0.6111111111111103,,,,0.05272895467160037,0.036597110754414124,,,,,,15.157303370786517,
,2020-04-13,,48549,3239,2129,120,3239,2249,990,91.33333333333333,82.66666666666667,5.0,87.66666666666667,3.666666666666657,1.4166666666666667,0.7222222222222214,0.0,0.7222222222222214,0.6944444444444453,1.027777777777778,,,0.053357047576700754,0.03704847175054029,,,,,,14.988885458474838,
,2020-04-14,,49748,3310,2217,123,3310,2340,970,103.66666666666667,83.5,4.666666666666667,88.16666666666667,15.5,4.416666666666667,0.7222222222222214,0.08333333333333333,0.8055555555555548,3.611111111111112,1.5,,,0.052564102564102565,0.03716012084592145,,,,,,15.029607250755287,
,2020-04-15,,50703,3417,2297,129,3417,2426,991,101.16666666666667,85.33333333333333,4.333333333333333,89.66666666666666,11.500000000000014,4.527777777777779,1.3333333333333333,-0.19444444444444442,1.1388888888888888,3.3888888888888897,0.9791666666666661,-0.010416666666666796,,0.053173948887056885,0.03775241439859526,,,,,,14.838454784899033,
,2020-04-16,,51603,3492,2381,135,3492,2516,976,103.83333333333333,86.83333333333333,3.8333333333333335,90.66666666666666,13.166666666666671,6.1944444444444455,1.8611111111111096,-0.3611111111111111,1.4999999999999984,4.694444444444447,0.49999999999999933,-0.3003472222222222,,0.053656597774244835,0.03865979381443299,,,,,,14.777491408934708,
,2020-04-17,,52445,3642,2468,138,3642,2606,1036,115.5,87.83333333333333,4.0,91.83333333333333,23.66666666666667,5.333333333333331,2.0277777777777786,-0.11111111111111116,1.9166666666666674,3.416666666666664,0.9861111111111107,-0.015624999999999722,,0.052954719877206444,0.03789126853377265,,,,,,14.400054914881933,
,2020-04-18,,53005,3722,2560,140,3722,2700,1022,122.0,91.0,3.1666666666666665,94.16666666666667,27.83333333333333,6.416666666666664,2.194444444444445,0.0,2.194444444444445,4.22222222222222,0.29861111111111116,0.2690972222222226,,0.05185185185185185,0.037614185921547555,,,,,,14.240999462654488,
,2020-04-19,,53632,3862,2650,143,3862,2793,1069,128.5,93.83333333333333,2.8333333333333335,96.66666666666666,31.833333333333343,8.472222222222221,2.4166666666666665,0.1666666666666666,2.583333333333333,5.888888888888888,0.9166666666666672,0.02604166666666685,,0.05119942713927676,0.03702744691869498,,,,,,13.887105126877266,
,2020-04-20,,55476,4003,2744,147,4003,2891,1112,135.66666666666666,95.66666666666667,4.0,99.66666666666667,35.999999999999986,7.38888888888889,2.8333333333333335,0.27777777777777785,3.111111111111111,4.277777777777779,1.5763888888888897,0.6354166666666666,-0.07421875000000024,0.05084745762711865,0.03672245815638271,,,,,,13.858606045465901,
,2020-04-21,,56853,4149,2843,148,4149,2991,1158,139.66666666666666,98.5,4.333333333333333,102.83333333333333,36.83333333333333,9.0,2.7777777777777786,0.6944444444444443,3.4722222222222228,5.527777777777777,1.0902777777777781,0.24826388888888878,0.027343749999999972,0.04948177866934136,0.03567124608339359,,,,,,13.702819956616052,
,2020-04-22,,58003,4263,2944,152,4263,3096,1167,154.66666666666666,101.33333333333333,4.833333333333333,106.16666666666666,48.5,12.722222222222223,3.2222222222222237,0.7777777777777777,4.000000000000002,8.722222222222221,2.8402777777777777,-0.027777777777778345,-0.40364583333333337,0.04909560723514212,0.03565564156697162,,,,,,13.606145906638517,
,2020-04-23,,59026,4456,3042,162,4456,3204,1252,159.83333333333334,104.83333333333333,5.666666666666667,110.5,49.33333333333334,12.833333333333334,4.277777777777776,0.4166666666666667,4.694444444444443,8.138888888888891,1.9097222222222223,0.13541666666666674,-0.057725694444444406,0.05056179775280899,0.036355475763016155,,,,,,13.24640933572711,
,2020-04-24,,59840,4560,3151,166,4560,3317,1243,176.0,107.66666666666667,7.333333333333333,115.0,61.0,18.75,5.055555555555557,0.388888888888889,5.444444444444446,13.305555555555554,1.4652777777777763,-0.9791666666666667,,0.05004522158577027,0.03640350877192983,,,,,,13.12280701754386,
,2020-04-25,,60459,4790,3258,172,4790,3430,1360,204.83333333333334,113.16666666666667,7.5,120.66666666666667,84.16666666666667,16.63888888888889,6.416666666666669,0.30555555555555564,6.722222222222224,9.916666666666664,1.631944444444445,0.01736111111111116,-0.16493055555555566,0.05014577259475218,0.03590814196242171,,,,,,12.621920668058456,
,2020-04-26,,60956,4962,3373,181,4962,3554,1408,212.66666666666666,121.33333333333333,6.5,127.83333333333333,84.83333333333333,18.58333333333333,7.472222222222221,0.13888888888888884,7.611111111111111,10.972222222222218,-1.0763888888888893,-0.5399305555555548,,0.050928531232414184,0.03647722692462717,,,,,,12.284562676340185,
,2020-04-27,,61684,5205,3489,192,5205,3681,1524,252.16666666666666,128.83333333333334,6.666666666666667,135.5,116.66666666666666,19.361111111111114,8.638888888888888,0.0,8.638888888888888,10.722222222222227,1.979166666666667,-0.5243055555555559,-0.2925347222222224,0.05215973920130399,0.03688760806916427,,,,,,11.850912584053795,
,2020-04-28,,62368,5492,3623,197,5492,3820,1672,254.5,139.83333333333334,6.666666666666667,146.5,108.0,14.444444444444443,9.416666666666664,0.13888888888888898,9.555555555555554,4.888888888888889,-0.6944444444444429,,,0.051570680628272254,0.03587035688273853,,,,,,11.356154406409322,
,2020-04-29,,62844,5732,3770,201,5732,3971,1761,271.3333333333333,149.66666666666666,6.5,156.16666666666666,115.16666666666666,24.555555555555557,9.611111111111112,0.5277777777777777,10.13888888888889,14.416666666666668,-0.46527777777777857,-1.1527777777777783,,0.050616973054646186,0.03506629448709002,,,,,,10.963712491277041,
,2020-04-30,,63340,6073,3924,206,6073,4130,1943,292.1666666666667,159.5,7.333333333333333,166.83333333333334,125.33333333333334,15.805555555555557,10.861111111111109,0.6388888888888888,11.499999999999998,4.305555555555559,0.5416666666666679,,,0.049878934624697335,0.033920632306932326,,,,,,10.42977111806356,
,2020-05-01,,63713,6317,4097,212,6317,4309,2008,291.5,169.66666666666666,8.333333333333334,178.0,113.5,17.5,11.083333333333334,0.6944444444444445,11.777777777777779,5.722222222222221,-2.6319444444444464,,,0.04919935019726154,0.033560234288428054,,,,,,10.085958524616116,
,2020-05-02,,64094,6590,4271,220,6590,4491,2099,360.0,179.0,9.666666666666666,188.66666666666666,171.33333333333334,16.611111111111114,11.638888888888891,0.6666666666666666,12.305555555555557,4.305555555555557,1.1874999999999991,-0.49652777777777823,,0.048986862614117124,0.03338391502276176,,,,,,9.725948406676784,
,2020-05-03,,64436,6958,4446,236,6958,4682,2276,347.0,194.0,10.5,204.5,142.5,14.027777777777771,12.222222222222223,0.4444444444444445,12.666666666666668,1.3611111111111036,-3.7847222222222214,,,0.05040580948312687,0.033917792469100316,,,,,,9.260707099741305,
,2020-05-04,,64958,7241,4641,247,7241,4888,2353,359.5,206.33333333333334,10.833333333333334,217.16666666666669,142.33333333333331,20.555555555555554,12.638888888888891,0.25,12.888888888888891,7.6666666666666625,-1.444444444444445,-0.4687499999999998,,0.05053191489361702,0.03411131059245961,,,,,,8.970860378400774,
,2020-05-05,,65589,7892,4844,259,7892,5103,2789,371.0,219.5,10.5,230.0,141.0,2.3611111111111143,13.611111111111114,-0.16666666666666666,13.444444444444448,-11.083333333333334,-0.3958333333333308,,,0.05075445816186557,0.03281804358844399,,,,,,8.310821084642676,
,2020-05-06,,66046,8155,5088,269,8155,5357,2798,376.3333333333333,232.83333333333334,10.0,242.83333333333334,133.49999999999997,10.833333333333334,12.805555555555552,-0.388888888888889,12.416666666666663,-1.5833333333333286,-0.6875,,,0.050214672391263766,0.03298589822194972,,,,,,8.09883507050889,
,2020-05-07,,66460,8474,5335,277,8474,5612,2862,414.8333333333333,245.5,9.833333333333334,255.33333333333334,159.49999999999997,12.444444444444448,12.722222222222223,-0.4166666666666667,12.305555555555557,0.13888888888889106,4.3125,,,0.04935851746258019,0.03268822279915034,,,,,,7.842813311305169,
,2020-05-08,,66861,8816,5588,283,8816,5871,2945,374.1666666666667,260.6666666666667,8.666666666666666,269.33333333333337,104.83333333333331,17.805555555555554,12.72222222222222,-0.361111111111111,12.361111111111109,5.444444444444445,0.4166666666666665,,,0.048203031851473344,0.03210072595281307,,,,,,7.584051724137931,
,2020-05-09,,67133,9216,5843,296,9216,6139,3077,412.0,270.8333333333333,8.166666666666666,279.0,133.0,19.611111111111114,12.833333333333329,0.0,12.833333333333329,6.777777777777786,2.520833333333331,-0.9114583333333333,,0.04821632187652712,0.03211805555555555,,,,,,7.284396701388889,
,2020-05-10,,67400,9730,6114,306,9730,6420,3310,434.1666666666667,282.6666666666667,8.333333333333334,291.0,143.16666666666669,12.5,13.02777777777778,0.3333333333333333,13.361111111111114,-0.8611111111111143,0.3888888888888875,0.17708333333333404,,0.04766355140186916,0.03144912641315519,,,,,,6.927029804727646,
,2020-05-11,,67758,10137,6408,311,10137,6719,3418,477.8333333333333,295.8333333333333,8.333333333333334,304.16666666666663,173.66666666666669,22.52777777777777,12.888888888888886,0.5,13.388888888888886,9.138888888888886,0.666666666666667,-0.4513888888888874,,0.04628664979907724,0.030679688270691525,,,,,,6.684226102397159,
,2020-05-12,,68107,10627,6713,318,10627,7031,3596,494.0,309.8333333333333,10.0,319.8333333333333,174.16666666666669,19.361111111111104,13.555555555555562,0.638888888888889,14.194444444444452,5.166666666666652,1.1250000000000027,0.706597222222223,0.38758680555555514,0.0452282747831034,0.029923779053354662,,,,,,6.4088642137950504,
,2020-05-13,,68335,11079,7031,327,11079,7358,3721,489.8333333333333,323.6666666666667,11.833333333333334,335.5,154.33333333333331,22.277777777777782,13.97222222222222,0.6944444444444443,14.666666666666664,7.611111111111118,0.7152777777777812,1.3940972222222223,,0.04444142430008154,0.029515299214730572,,,,,,6.167975449047748,
,2020-05-14,,68659,11683,7363,333,11683,7696,3987,509.3333333333333,338.0,11.666666666666666,349.6666666666667,159.66666666666663,17.00000000000001,14.416666666666666,0.9166666666666666,15.333333333333332,1.6666666666666785,3.2152777777777795,1.7274305555555547,0.0646701388888885,0.04326923076923077,0.02850295300864504,,,,,,5.876829581443123,
,2020-05-15,,68988,12180,7702,356,12180,8058,4122,528.1666666666666,352.1666666666667,12.0,364.1666666666667,163.99999999999994,25.388888888888896,15.166666666666666,0.3333333333333333,15.5,9.888888888888896,6.243055555555556,1.5138888888888866,-0.606336805555556,0.04417969719533383,0.02922824302134647,,,,,,5.664039408866995,
,2020-05-16,,69206,12669,8056,377,12669,8433,4236,567.8333333333334,366.5,12.5,379.0,188.83333333333337,32.22222222222222,16.416666666666668,0.02777777777777768,16.444444444444446,15.777777777777775,8.034722222222221,0.965277777777777,-0.7951388888888888,0.04470532432111941,0.029757676217538876,,,,,,5.462625305864709,
,2020-05-17,,69395,13193,8436,381,13193,8817,4376,579.8333333333334,382.3333333333333,13.833333333333334,396.16666666666663,183.66666666666674,47.25000000000001,17.444444444444446,0.44444444444444464,17.888888888888893,29.361111111111114,6.770833333333328,-1.0312500000000016,-1.0598958333333324,0.04321197686287853,0.02887895095884181,,,,,,5.2599863564011216,
,2020-05-18,,69657,13796,8826,390,13796,9216,4580,646.3333333333334,400.8333333333333,12.0,412.8333333333333,233.50000000000006,49.13888888888889,20.138888888888886,0.4166666666666667,20.555555555555554,28.58333333333334,7.0763888888888875,-1.4531250000000004,-0.932725694444444,0.042317708333333336,0.0282690634966657,,,,,,5.049072194839084,
,2020-05-19,,69876,14486,9230,402,14486,9632,4854,683.1666666666666,422.1666666666667,12.0,434.1666666666667,248.99999999999994,52.47222222222221,22.805555555555554,0.3333333333333333,23.138888888888886,29.33333333333332,2.11805555555555,-2.725694444444443,,0.0417358803986711,0.027750931934281374,,,,,,4.823691840397625,
,2020-05-20,,,15162,9657,416,15162,10073,5089,792.8333333333334,442.6666666666667,14.333333333333334,457.0,335.83333333333337,60.52777777777777,25.833333333333343,0.0,25.833333333333343,34.69444444444443,2.2222222222222197,-2.765624999999999,,0.04129852079817333,0.027437013586598075,,,,,,,
,2020-05-21,,70338,16058,10107,428,16058,10535,5523,823.0,473.0,14.5,487.5,335.5,55.72222222222221,28.638888888888886,0.388888888888889,29.027777777777775,26.694444444444432,-4.131944444444443,-1.9236111111111076,,0.04062648315140009,0.02665338149209117,,,,,,4.380246606053058,
,2020-05-22,,70526,16768,10589,449,16768,11038,5730,882.6666666666666,503.3333333333333,14.5,517.8333333333333,364.83333333333337,58.02777777777777,31.083333333333325,0.2777777777777777,31.361111111111104,26.666666666666668,-3.986111111111109,-2.748263888888887,,0.040677658996194965,0.026777194656488548,,,,,,4.205987595419847,
,2020-05-23,,70697,17950,11092,467,17950,11559,6391,943.0,537.3333333333334,13.833333333333334,551.1666666666667,391.83333333333326,35.944444444444436,33.94444444444445,-0.13888888888888898,33.805555555555564,2.1388888888888715,-5.57638888888888,,,0.040401418807855353,0.026016713091922005,,,,,,3.938551532033426,
,2020-05-24,,70880,18734,11664,477,18734,12141,6593,980.6666666666666,572.6666666666666,14.333333333333334,587.0,393.66666666666663,44.583333333333336,34.02777777777777,-0.05555555555555566,33.972222222222214,10.611111111111121,-8.770833333333329,,,0.039288361749444035,0.02546172734066403,,,,,,3.783495249279385,
,2020-05-25,,71101,19782,12250,489,19782,12739,7043,1031.3333333333333,608.6666666666666,13.666666666666666,622.3333333333333,409.0,33.416666666666686,34.75000000000001,0.25,35.00000000000001,-1.5833333333333215,-3.2777777777777706,,,0.03838605856032656,0.024719441916894146,,,,,,3.594227075118795,
,2020-05-26,,71405,20820,12881,499,20820,13380,7440,1008.5,646.3333333333334,13.5,659.8333333333334,348.66666666666663,22.944444444444457,34.22222222222221,0.611111111111111,34.83333333333332,-11.888888888888864,-3.5069444444444384,,,0.03729446935724963,0.023967339097022092,,,,,,3.429634966378482,
,2020-05-27,,71581,21942,13543,514,21942,14057,7885,1090.5,677.1666666666666,14.166666666666666,691.3333333333333,399.16666666666674,22.833333333333353,32.86111111111112,0.8055555555555557,33.66666666666668,-10.833333333333325,3.5208333333333286,,,0.036565412250124496,0.02342539422112843,,,,,,3.2622823808221675,
,2020-05-28,,71750,22956,14241,531,22956,14772,8184,1083.1666666666667,711.8333333333334,16.0,727.8333333333334,355.33333333333337,30.555555555555582,31.083333333333332,1.6944444444444444,32.77777777777778,-2.2222222222221966,7.298611111111105,,,0.0359463850528026,0.023131207527443805,,,,,,3.125544519951211,
,2020-05-29,,71909,24001,14970,548,24001,15518,8483,1080.6666666666667,742.6666666666666,17.5,760.1666666666666,320.5000000000001,47.5,30.666666666666668,1.8333333333333333,32.5,15.0,13.9861111111111,4.335069444444445,,0.035313829101688364,0.022832381984083997,,,,,,2.996083496520978,
,2020-05-30,,72082,25277,15727,562,25277,16289,8988,1117.6666666666667,769.8333333333334,19.166666666666668,789.0,328.66666666666674,52.13888888888888,31.916666666666668,1.9722222222222223,33.88888888888889,18.249999999999986,22.006944444444436,1.7118055555555571,,0.034501811038123886,0.022233651145309966,,,,,,2.8516833484986353,
,2020-05-31,,72319,26281,16521,585,26281,17106,9175,1214.6666666666667,795.1666666666666,23.833333333333332,819.0,395.66666666666674,78.77777777777776,32.97222222222221,2.527777777777778,35.499999999999986,43.27777777777777,20.861111111111107,-1.6753472222222179,-3.4040798611111103,0.034198526832690285,0.022259426962444352,,,,,,2.7517598264906207,
,2020-06-01,,72507,27304,17337,604,27304,17941,9363,1293.5,830.3333333333334,24.5,854.8333333333334,438.66666666666663,118.58333333333333,35.94444444444446,3.5,39.44444444444446,79.13888888888887,14.145833333333334,-6.92708333333333,-2.855468750000001,0.033665904910540105,0.022121300908291824,,,,,,2.655544975095224,
,2020-06-02,,72683,28648,18162,629,28648,18791,9857,1403.3333333333333,868.6666666666666,26.0,894.6666666666666,508.66666666666663,130.94444444444443,43.02777777777777,3.6944444444444446,46.722222222222214,84.22222222222221,7.2847222222222285,-9.281249999999996,,0.03347347134266404,0.021956157497905613,,,,,,2.5371055571069534,
,2020-06-03,,72871,30244,19012,674,30244,19686,10558,1555.8333333333333,909.6666666666666,31.166666666666668,940.8333333333333,615.0,108.72222222222221,51.63888888888889,2.722222222222222,54.361111111111114,54.3611111111111,-5.701388888888886,-9.710069444444446,,0.03423752920857462,0.02228541198254199,,,,,,2.409436582462637,
,2020-06-04,,73040,31762,19952,695,31762,20647,11115,1792.1666666666667,958.3333333333334,38.5,996.8333333333334,795.3333333333334,107.91666666666667,55.72222222222223,3.555555555555556,59.277777777777786,48.638888888888886,-16.26388888888888,-9.184027777777779,,0.0336610645614375,0.021881493608714817,,,,,,2.299603299540331,
,2020-06-05,,73225,33697,20939,718,33697,21657,12040,1903.3333333333333,1028.0,41.333333333333336,1069.3333333333333,834.0,95.77777777777779,59.444444444444436,4.25,63.694444444444436,32.08333333333335,-24.69444444444445,,,0.03315325298979545,0.021307534795382378,,,,,,2.1730421105736415,
,2020-06-06,,73359,35616,21979,772,35616,22751,12865,1867.0,1105.0,40.166666666666664,1145.1666666666667,721.8333333333333,65.88888888888891,63.166666666666686,3.527777777777778,66.69444444444446,-0.8055555555555429,-29.451388888888886,,,0.0339325743923344,0.021675651392632524,,,,,,2.0597203504043127,
,2020-06-07,,,38057,23087,835,38057,23922,14135,1941.0,1164.6666666666667,45.833333333333336,1210.5,730.5,9.94444444444442,64.24999999999999,2.305555555555556,66.55555555555554,-56.61111111111112,-21.319444444444446,,,0.03490510826853942,0.02194077305094989,,,,,,,
,2020-06-08,,,40068,24330,877,40068,25207,14861,1978.0,1225.3333333333333,51.5,1276.8333333333333,701.1666666666667,-9.888888888888877,58.52777777777779,2.8611111111111107,61.3888888888889,-71.27777777777777,-14.750000000000009,,,0.03479192287856548,0.021887790755715283,,,,,,,
,2020-06-09,,73751,41446,25642,915,41446,26557,14889,1951.1666666666667,1288.6666666666667,52.333333333333336,1341.0,610.1666666666667,10.5,51.47222222222221,3.444444444444445,54.91666666666665,-44.41666666666665,-1.9722222222222192,,,0.03445419286817035,0.02207691936495681,,,,,,1.7794479563769725,
,2020-06-10,,,43408,26940,970,43408,27910,15498,1851.8333333333333,1343.8333333333333,52.333333333333336,1396.1666666666665,455.66666666666674,6.888888888888876,47.88888888888888,3.083333333333332,50.972222222222214,-44.083333333333336,,,,0.0347545682551057,0.02234611131588647,,,,,,,
,2020-06-11,,,45565,28291,1027,45565,29318,16247,1844.0,1379.1666666666667,58.5,1437.6666666666667,406.33333333333326,2.055555555555543,44.36111111111112,2.638888888888888,47.00000000000001,-44.944444444444464,7.201388888888886,,,0.0350296746026332,0.02253922967189729,,,,,,,
,2020-06-12,,,47323,29711,1086,47323,30797,16526,1930.0,1413.8333333333333,60.833333333333336,1474.6666666666665,455.3333333333335,17.888888888888875,38.416666666666664,4.361111111111111,42.77777777777777,-24.888888888888896,11.979166666666675,,,0.03526317498457642,0.022948671893159776,,,,,,,
,2020-06-13,,,49168,31150,1149,49168,32299,16869,1982.3333333333333,1452.0,64.33333333333333,1516.3333333333333,466.0,39.30555555555554,35.94444444444446,4.638888888888889,40.58333333333334,-1.2777777777777999,10.958333333333343,-2.2222222222222214,,0.03557385677575157,0.02336885779368695,,,,,,,
,2020-06-14,,,51132,32605,1228,51132,33833,17299,1990.3333333333333,1491.5,67.33333333333333,1558.8333333333333,431.5,54.80555555555558,35.97222222222221,4.4444444444444455,40.41666666666665,14.388888888888928,4.250000000000001,-4.696180555555559,,0.036295924097774365,0.024016271610733005,,,,,,,
,2020-06-15,,,53026,34125,1280,53026,35405,17621,2058.5,1519.1666666666667,78.5,1597.6666666666667,460.83333333333326,45.888888888888914,36.30555555555558,5.416666666666665,41.72222222222224,4.166666666666671,-1.6875,-2.4565972222222263,,0.0361530857223556,0.024139101572813338,,,,,,,
,2020-06-16,,74699,55302,35652,1356,55302,37008,18294,2087.6666666666665,1559.5,80.16666666666667,1639.6666666666667,447.9999999999998,34.88888888888888,36.97222222222221,5.083333333333333,42.05555555555554,-7.166666666666664,-6.805555555555562,-1.2291666666666694,,0.036640726329442284,0.02451990886405555,,,,,,1.3507468084336913,
,2020-06-17,,74842,57507,37240,1431,57507,38671,18836,2172.8333333333335,1595.0,85.16666666666667,1680.1666666666667,492.66666666666674,32.55555555555554,35.97222222222221,5.416666666666667,41.38888888888887,-8.833333333333329,1.1319444444444375,,,0.03700447363657521,0.024883927174083154,,,,,,1.3014415636357313,
,2020-06-18,,,59674,38826,1557,59674,40383,19291,2205.3333333333335,1631.6666666666667,93.33333333333333,1725.0,480.3333333333335,27.583333333333332,37.77777777777775,2.861111111111112,40.638888888888864,-13.055555555555532,-0.6666666666666767,,,0.03855582794740361,0.026091765257901262,,,,,,,
,2020-06-19,,,61694,40507,1630,61694,42137,19557,2191.6666666666665,1673.8333333333333,94.83333333333333,1768.6666666666665,423.0,50.416666666666664,34.916666666666664,4.527777777777776,39.44444444444444,10.972222222222221,-0.42361111111111427,-0.9166666666666616,,0.038683342430642906,0.026420721626090056,,,,,,,
,2020-06-20,,,64169,42175,1739,64169,43914,20255,2185.6666666666665,1707.3333333333333,99.83333333333333,1807.1666666666665,378.5,32.22222222222217,36.22222222222221,4.277777777777776,40.499999999999986,-8.277777777777814,3.8888888888888955,,,0.03960012752197477,0.02710031323536287,,,,,,,
,2020-06-21,,,66258,43915,1840,66258,45755,20503,2224.0,1745.8333333333333,95.66666666666667,1841.5,382.5,30.861111111111086,36.27777777777775,3.4722222222222237,39.74999999999997,-8.888888888888886,-2.534722222222209,,,0.04021418424215933,0.027770231519212773,,,,,,,
,2020-06-22,,,68452,45695,1925,68452,47620,20832,2390.1666666666665,1769.0,107.33333333333333,1876.3333333333333,513.8333333333333,43.138888888888914,34.86111111111112,4.027777777777779,38.8888888888889,4.250000000000014,,,,0.040424191516169675,0.028121895634897448,,,,,,,
,2020-06-23,,75642,70621,47484,2030,70621,49514,21107,2366.1666666666665,1812.3333333333333,110.83333333333333,1923.1666666666665,443.0,40.27777777777783,36.333333333333336,2.9166666666666665,39.25,1.0277777777778283,,,,0.0409985054731995,0.028744990866739355,,,,,,1.0710978320896052,
,2020-06-24,,75815,73018,49301,2131,73018,51432,21586,2390.5,1849.3333333333333,114.16666666666667,1963.5,427.0,,,,,,,,,0.04143334888785192,0.02918458462296968,,,,,,1.0383056232709742,
,2020-06-25,,75815,76035,51121,2274,76035,53395,22640,2450.5,1883.0,119.0,2002.0,448.5,,,,,,,,,0.04258825732746512,0.029907279542316038,,,,,,0.9971065956467416,
,2020-06-26,,75815,78366,53049,2404,78366,55453,22913,2427.3333333333335,1925.3333333333333,117.33333333333333,2042.6666666666665,384.66666666666697,,,,,,,,,0.043352027843398915,0.030676568920194984,,,,,,0.9674476175892607,
,2020-06-27,,75815,80601,55011,2525,80601,57536,23065,,,,,,,,,,,,,,0.043885567296996664,0.03132715474994107,,,,,,0.9406210841056563,
,2020-06-28,,75815,83155,56993,2639,83155,59632,23523,,,,,,,,,,,,,,0.04425476254360075,0.031735914857795686,,,,,,0.9117311045637665,
,2020-06-29,,75815,85185,59036,2734,85185,61770,23415,,,,,,,,,,,,,,0.044260968107495545,0.03209485238011387,,,,,,0.8900041087045841,
