Country,Date,Latitude,Longitude,Estimated Population,Gdp Per Capita,Total Tests,Test Kind,Confirmed,Recovered,Deaths,Infected,Closed,Active,Diff Infected,Diff Recovered,Diff Deaths,Diff Closed,Diff Active,Diff2 Infected,Diff2 Recovered,Diff2 Deaths,Diff2 Closed,Diff2 Active,Diff3 Infected,Diff4 Infected,Diff5 Infected,μ_closed,μ_infected,Infected Per 1Mi,Deaths Per 1Mi,Recovered Per 1Mi,Closed Per 1Mi,Active Per 1Mi,Tests Per Confirmed,Tests Per 1Mi
Afghanistan,2020-04-12,33.0,65.0,39653765,,,,607,32,18,607,50,557,50.0,1.833,1.667,3.5,46.5,2.389,1.833,0.1389,1.972,0.4167,-0.38194,,,0.36,0.02965,15.307,0.4539,0.807,1.261,14.047,,
Albania,2020-04-12,41.153,20.168,2842650,5269,,,446,217,23,446,240,206,14.167,14.333,0.3333,14.667,-0.5,0.9167,-0.44444,0.02778,-0.41667,1.333,0.1042,,,0.09583,0.05157,156.896,8.091,76.337,84.428,72.468,,
Algeria,2020-04-12,28.034,1.66,43697354,4115,,,1914,591,293,1914,884,1030,82.333,60.167,16.833,77.0,5.333,3.583,-5.5,-1.27778,-6.77778,10.361,,,,0.3314,0.1531,43.801,6.705,13.525,20.23,23.571,,
Andorra,2020-04-12,42.506,1.522,78418,42030,,,638,128,29,638,157,481,15.0,18.5,1.333,19.833,-4.83333,-1.30556,-0.55556,-0.05556,-0.61111,-0.69444,,,,0.1847,0.04545,8135.887,369.813,1632.278,2002.091,6133.796,,
Angola,2020-04-12,-11.2027,17.874,33046756,3432,,,19,4,2,19,6,13,0.0,0.5,0.0,0.5,-0.5,0.05556,0.0,,,,,,,0.3333,0.1053,0.5749,0.06052,0.121,0.1816,0.3934,,
Antigua and Barbuda,2020-04-12,17.061,-61.7964,98848,16727,,,21,0,2,21,2,19,0.6667,,0.0,,,-0.11111,,,,,,,,1.0,0.09524,212.447,20.233,0.0,20.233,192.214,,
Argentina,2020-04-12,-38.4161,-63.6167,45433446,11684,,samples tested,2142,468,90,2142,558,1584,108.0,38.5,6.5,45.0,63.0,0.7778,2.056,-0.08333,1.972,-1.19444,0.2083,,,0.1613,0.04202,47.146,1.981,10.301,12.282,34.864,,
Armenia,2020-04-12,40.069,45.038,2938968,4212,,,1013,197,13,1013,210,803,31.667,26.5,1.167,27.667,4.0,1.528,5.306,0.05556,5.361,-3.83333,0.2153,,,0.0619,0.01283,344.679,4.423,67.03,71.454,273.225,,
Australia,2020-04-12,-31.99619,141.233,25731295,57396,353941,samples tested,6315,1806,60,6315,1866,4449,55.333,119.0,2.0,121.0,-65.66667,-7.36111,44.222,-0.36111,43.861,-51.22222,,,,0.03215,0.0095,245.421,2.332,70.187,72.519,172.902,56.048,13755.273
Austria,2020-04-12,47.516,14.55,8937767,51500,144877,samples tested,13945,6987,350,13945,7337,6608,182.0,476.333,16.333,492.667,-310.66667,-25.61111,-8.25,-1.02778,-9.27778,-16.33333,,,,0.0477,0.0251,1560.233,39.16,781.739,820.899,739.335,10.389,16209.53
Azerbaijan,2020-04-12,40.143,47.577,10175641,4722,,,1098,250,11,1098,261,837,54.5,50.5,0.6667,51.167,3.333,-5.05556,3.722,0.08333,3.806,-8.86111,,,,0.04215,0.01002,107.905,1.081,24.568,25.649,82.255,,
Bahamas,2020-04-12,25.034,-77.3963,396839,32218,,,46,5,8,46,13,33,1.333,0.1667,0.0,0.1667,1.167,-0.22222,0.1111,-0.05556,0.05556,-0.27778,,,,0.6154,0.1739,115.916,20.159,12.6,32.759,83.157,,
Bahrain,2020-04-12,26.028,50.55,1726667,24051,63973,units unclear,1136,558,6,1136,564,572,130.667,24.0,0.3333,24.333,106.333,7.139,2.694,-0.02778,2.667,4.472,-6.0,,,0.01064,0.00528,657.915,3.475,323.166,326.641,331.274,56.314,37049.993
Bangladesh,2020-04-12,23.685,90.356,165611088,1698,9653,samples tested,621,39,34,621,73,548,150.167,2.667,4.833,7.5,142.667,28.472,0.5833,0.7778,1.361,27.111,2.417,-0.63542,,0.4658,0.05475,3.75,0.2053,0.2355,0.4408,3.309,15.544,58.287
Barbados,2020-04-12,13.194,-59.5432,288373,17949,,,71,11,4,71,15,56,1.167,0.6667,0.3333,1.0,0.1667,-0.19444,0.02778,-0.02778,-0.0,-0.19444,,,,0.2667,0.05634,246.209,13.871,38.145,52.016,194.193,,
Belarus,2020-04-12,53.71,27.953,9429921,6330,64000,samples tested,2578,203,26,2578,229,2349,373.667,10.667,3.333,14.0,359.667,8.972,-0.30556,0.1667,-0.13889,9.111,0.5972,,,0.1135,0.01009,273.385,2.757,21.527,24.284,249.101,24.825,6786.907
Belgium,2020-04-12,50.833,4.0,11572730,47472,108980,units unclear,29647,6463,3600,29647,10063,19584,1431.667,323.833,319.5,643.333,788.333,-36.02778,-16.44444,-3.19444,-19.63889,-16.38889,,,,0.3577,0.1214,2561.798,311.076,558.468,869.544,1692.254,3.676,9416.966
Belize,2020-04-12,13.194,-59.5432,402155,4885,,,14,0,2,14,2,12,1.5,,0.1667,,,-0.08333,,-0.02778,,,-0.08333,,,1.0,0.1429,34.812,4.973,0.0,4.973,29.839,,
Benin,2020-04-12,9.308,2.316,12160701,1241,,,35,5,1,35,6,29,1.5,2.167,0.0,2.167,-0.66667,-0.25,,,,,,,,0.1667,0.02857,2.878,0.08223,0.4112,0.4934,2.385,,
Bhutan,2020-04-12,27.514,90.434,775132,3243,,,5,2,0,5,2,3,0.0,0.0,,,,,,,,,,,,0.0,0.0,6.451,0.0,2.58,2.58,3.87,,
Bolivia,2020-04-12,-16.2902,-63.5887,11736772,3549,2528,people tested,300,2,24,300,26,274,22.167,0.8333,1.667,2.5,19.667,2.111,,-0.16667,,,0.1528,-0.17361,0.00608,0.9231,0.08,25.561,2.045,0.1704,2.215,23.345,8.427,215.391
Bosnia and Herzegovina,2020-04-12,43.916,17.679,3279568,6066,,,1009,193,39,1009,232,777,42.0,25.333,1.0,26.333,15.667,-2.11111,-0.02778,-0.05556,-0.08333,-2.02778,,,,0.1681,0.03865,307.662,11.892,58.849,70.741,236.921,,
Botswana,2020-04-12,-22.3285,24.685,2334686,8259,,,13,0,1,13,1,12,0.0,,0.0,,,-0.13889,,,,,,,,1.0,0.07692,5.568,0.4283,0.0,0.4283,5.14,,
Brazil,2020-04-12,-14.235,-51.9253,213724406,9001,,samples tested,22192,173,1223,22192,1396,20796,1704.667,2308.833,131.0,2439.833,-735.16667,123.194,383.528,13.111,396.639,-273.44444,33.889,-5.8316,,0.8761,0.05511,103.835,5.722,0.8095,6.532,97.303,,
Brunei,2020-04-12,4.535,114.728,441178,31628,,,136,106,1,136,107,29,0.1667,2.667,0.0,2.667,-2.5,0.0,-0.47222,,,,,,,0.00935,0.00735,308.266,2.267,240.266,242.532,65.733,,
Bulgaria,2020-04-12,42.734,25.486,6908148,9272,,samples tested,675,68,29,675,97,578,21.5,9.5,2.0,11.5,10.0,2.139,1.556,0.1389,1.694,0.4444,0.4375,,,0.299,0.04296,97.711,4.198,9.843,14.041,83.669,,
Burkina Faso,2020-04-12,12.238,-1.5616,20953200,715,,,497,161,27,497,188,309,16.5,13.333,1.333,14.667,1.833,-1.80556,2.972,0.0,2.972,-4.77778,,,,0.1436,0.05433,23.72,1.289,7.684,8.972,14.747,,
Burma,2020-04-12,21.916,95.956,,,,,41,2,4,41,6,35,8.5,0.0,0.1667,0.1667,8.333,1.056,,-0.05556,,,-0.25694,,,0.6667,0.09756,,,,,,,
Burundi,2020-04-12,-3.3731,29.919,11893778,272,,,5,0,0,5,0,5,0.3333,,,,,-0.05556,,,,,,,,,0.0,0.4204,0.0,0.0,0.0,0.4204,,
Cabo Verde,2020-04-12,16.539,-23.0418,558398,3635,,,8,1,1,8,2,6,8.167,0.0,0.0,0.0,8.167,1.361,,,,,,-0.22049,,0.5,0.125,14.327,1.791,1.791,3.582,10.745,,
Cambodia,2020-04-12,11.55,104.917,16782527,1510,,,122,77,0,122,77,45,0.5,5.667,,,,-0.22222,0.05556,,,,,,,0.0,0.0,7.269,0.0,4.588,4.588,2.681,,
Central African Republic,2020-04-12,6.611,20.939,4796900,476,,,8,0,0,8,0,8,0.6667,,,,,,,,,,,,,,0.0,1.668,0.0,0.0,0.0,1.668,,
Chad,2020-04-12,15.454,18.732,16575069,728,,,18,2,0,18,2,16,2.0,0.0,,,,0.1667,,,,,-0.11806,,,0.0,0.0,1.086,0.0,0.1207,0.1207,0.9653,,
Chile,2020-04-12,-35.6751,-71.543,19148883,15923,82271,samples tested,7213,2059,80,7213,2139,5074,383.5,277.167,6.167,283.333,100.167,3.306,17.917,0.08333,18.0,-14.69444,,,,0.0374,0.01109,376.68,4.178,107.526,111.704,264.976,11.406,4296.386
China,2020-04-12,32.601,111.038,1407987086,9771,,,80383,75613,3299,80383,78912,1471,28.5,94.0,1.167,95.167,-66.66667,5.167,-27.75,35.722,7.972,-2.80556,,,,0.04181,0.04104,57.091,2.343,53.703,56.046,1.045,,
Colombia,2020-04-12,4.571,-74.2973,50907732,6668,41780,samples tested,2776,270,109,2776,379,2397,147.0,46.333,10.333,56.667,90.333,-14.83333,5.056,-0.52778,4.528,-19.36111,,,,0.2876,0.03927,54.53,2.141,5.304,7.445,47.085,15.05,820.7
Comoros,2020-04-12,-11.6455,43.333,872888,1415,,,0,0,0,0,0,0,,,,,,,,,,,,,,,,0.0,0.0,0.0,0.0,0.0,,
Congo-Brazzaville,2020-04-12,-4.0383,21.759,5554412,2148,,,60,5,5,60,10,50,9.5,1.0,0.0,1.0,8.5,1.889,0.08333,,,,0.4583,,,0.5,0.08333,10.802,0.9002,0.9002,1.8,9.002,,
Congo-Kinshasa,2020-04-12,-4.0383,21.759,89656528,562,,,234,16,20,234,36,198,12.333,2.0,0.5,2.5,9.833,0.0,-0.02778,0.08333,0.05556,-0.05556,,,,0.5556,0.08547,2.61,0.2231,0.1785,0.4015,2.208,,
Costa Rica,2020-04-12,9.749,-83.7534,5130266,12027,6690,people tested,595,56,3,595,59,536,14.5,6.167,0.1667,6.333,8.167,-1.88889,0.08333,0.0,0.08333,-1.97222,,,,0.05085,0.00504,115.978,0.5848,10.916,11.5,104.478,11.244,1304.026
Cote d'Ivoire,2020-04-12,7.54,-5.5471,26269866,1716,,,574,85,5,574,90,484,32.333,10.333,0.5,10.833,21.5,-0.66667,3.056,0.02778,3.083,-3.75,-0.38889,,,0.05556,0.00871,21.85,0.1903,3.236,3.426,18.424,,
Croatia,2020-04-12,45.1,15.2,4047622,14915,16381,people tested,1600,373,23,1600,396,1204,55.667,42.333,2.167,44.5,11.167,-4.05556,-0.02778,0.25,0.2222,-4.27778,,,,0.05808,0.01438,395.294,5.682,92.153,97.835,297.459,10.238,4047.068
Cuba,2020-04-12,22.0,-80.0,11361908,8822,17133,samples tested,669,92,18,669,110,559,49.833,20.5,1.5,22.0,27.833,-0.05556,1.694,0.1389,1.833,-1.88889,-0.06944,,,0.1636,0.02691,58.881,1.584,8.097,9.681,49.199,25.61,1507.933
Cyprus,2020-04-12,35.126,33.43,1220282,28690,,,633,65,11,633,76,557,25.167,2.0,0.3333,2.333,22.833,-1.11111,-0.16667,-0.02778,-0.19444,-0.91667,,,,0.1447,0.01738,518.733,9.014,53.266,62.281,456.452,,
Denmark,2020-04-12,63.288,-13.3381,5846408,61391,70125,people tested,6369,2291,273,6369,2564,3805,174.333,173.667,12.0,185.667,-11.33333,-11.83333,26.056,-0.36111,25.694,-37.52778,,,,0.1065,0.04286,1089.387,46.695,391.865,438.56,650.827,11.01,11994.544
Diamond Princess,2020-04-12,0.0,0.0,,,,,712,619,11,712,630,82,0.0,3.333,0.1667,3.5,-3.5,,,,,,,,,0.01746,0.01545,,,,,,,
Djibouti,2020-04-12,11.825,42.59,990313,3083,,,214,36,2,214,38,176,50.0,7.667,,,,10.944,0.3611,,,,-0.59722,-1.23785,,0.05263,0.00935,216.093,2.02,36.352,38.372,177.722,,
Dominica,2020-04-12,15.415,-61.371,71848,7691,,,16,8,0,16,8,8,0.1667,1.167,,,,-0.02778,-0.19444,,,,,,,0.0,0.0,222.692,0.0,111.346,111.346,111.346,,
Dominican Republic,2020-04-12,18.736,-70.1627,10898284,8051,,,2967,131,173,2967,304,2663,210.833,21.333,11.833,33.167,177.667,6.361,2.306,-1.19444,1.111,5.25,3.472,,,0.5691,0.05831,272.245,15.874,12.02,27.894,244.35,,
Ecuador,2020-04-12,-1.8312,-78.1834,17659604,6345,14584,units unclear,7466,501,333,7466,834,6632,482.167,73.5,19.333,92.833,389.333,-60.08333,2.944,-0.52778,2.417,-62.5,,,,0.3993,0.0446,422.773,18.857,28.37,47.226,375.546,1.953,825.84
Egypt,2020-04-12,26.0,30.0,102413231,2549,,,2065,589,159,2065,748,1317,134.333,40.167,10.833,51.0,83.333,6.222,-6.05556,-0.25,-6.30556,12.528,0.2639,-0.42708,-0.06597,0.2126,0.077,20.163,1.553,5.751,7.304,12.86,,
El Salvador,2020-04-12,13.794,-88.8965,6482845,4058,6729,samples tested,125,21,6,125,27,98,9.333,2.667,0.0,2.667,6.667,0.25,0.1667,-0.02778,0.1389,0.1111,,0.02083,,0.2222,0.048,19.282,0.9255,3.239,4.165,15.117,53.832,1037.97
Equatorial Guinea,2020-04-12,1.5,10.0,1425866,10144,,,21,3,0,21,3,18,5.5,0.1667,,,,1.472,,,,,-0.11111,-0.14931,,0.0,0.0,14.728,0.0,2.104,2.104,12.624,,
Eritrea,2020-04-12,15.179,39.782,3336933,308,,,34,0,0,34,0,34,0.3333,,,,,0.05556,,,,,,,,,0.0,10.189,0.0,0.0,0.0,10.189,,
Estonia,2020-04-12,58.595,25.014,1313895,23247,30740,samples tested,1309,98,25,1309,123,1186,32.167,5.667,1.833,7.5,24.667,0.05556,0.7778,0.1944,0.9722,-0.91667,,,,0.2033,0.0191,996.274,19.027,74.587,93.615,902.66,23.484,23396.086
Eswatini,2020-04-12,-26.5225,31.466,1151731,4146,,,14,7,0,14,7,7,0.5,0.1667,,,,0.1111,-0.05556,,,,0.03472,,,0.0,0.0,12.156,0.0,6.078,6.078,6.078,,
Ethiopia,2020-04-12,9.145,40.49,115468813,772,3863,samples tested,71,10,3,71,13,58,4.833,1.833,0.1667,2.0,2.833,0.1944,0.0,-0.02778,-0.02778,0.2222,,-0.02778,,0.2308,0.04225,0.6149,0.02598,0.0866,0.1126,0.5023,54.408,33.455
Fiji,2020-04-12,-17.7134,178.065,891926,6267,,,16,0,0,16,0,16,0.1667,,,,,-0.02778,,,,,,,,,0.0,17.939,0.0,0.0,0.0,17.939,,
Finland,2020-04-12,64.0,26.0,5554574,50175,49799,samples tested,2974,300,56,2974,356,2618,105.333,0.0,5.0,5.0,100.333,-2.52778,,0.1389,,,,,,0.1573,0.01883,535.415,10.082,54.01,64.091,471.323,16.745,8965.404
France,2020-04-12,8.306,5.429,67687174,41470,,samples tested,121712,27469,14412,121712,41881,79831,7703.167,1257.0,823.5,2080.5,5622.667,-555.41667,-42.41667,-15.91667,-58.33333,-497.08333,-377.63194,,,0.3441,0.1184,1798.155,212.921,405.823,618.744,1179.411,,
Gabon,2020-04-12,-0.8037,11.609,2251673,7953,,,49,1,1,49,2,47,6.0,0.5,0.0,0.5,5.5,0.9444,,,,,0.1875,-0.01389,,0.5,0.02041,21.762,0.4441,0.4441,0.8882,20.873,,
Gambia,2020-04-12,13.443,-15.3101,2423338,716,,,9,2,1,9,3,6,0.8333,0.0,0.0,0.0,0.8333,-0.13889,,,,,,,,0.3333,0.1111,3.714,0.4127,0.8253,1.238,2.476,,
Georgia,2020-04-12,42.315,43.357,3689506,4723,,,257,67,3,257,70,187,14.667,3.333,0.0,3.333,11.333,1.722,-0.25,0.0,-0.25,1.972,-0.20139,-0.27431,,0.04286,0.01167,69.657,0.8131,18.16,18.973,50.684,,
Germany,2020-04-12,51.0,9.0,82983285,47616,1750852,samples tested,127854,60300,3022,127854,63322,64532,2762.0,3365.5,199.5,3565.0,-803.0,-249.77778,-180.55556,6.25,-174.30556,-75.47222,,,,0.04772,0.02364,1540.72,36.417,726.652,763.069,777.651,13.694,21098.851
Ghana,2020-04-12,7.946,-1.0232,31239088,2202,,people tested,566,4,8,566,12,554,43.0,2.333,0.3333,2.667,40.333,-2.33333,,-0.05556,,,-0.04861,,,0.6667,0.01413,18.118,0.2561,0.128,0.3841,17.734,,
Greece,2020-04-12,39.074,21.824,10723526,20317,42261,samples tested,2114,269,98,2114,367,1747,39.5,0.0,2.5,2.5,37.0,-6.61111,,-0.19444,,,,,,0.267,0.04636,197.137,9.139,25.085,34.224,162.913,19.991,3940.961
Guatemala,2020-04-12,15.784,-90.2308,18016276,4549,,,155,19,5,155,24,131,14.167,0.3333,0.3333,0.6667,13.5,-0.13889,-0.05556,0.0,-0.05556,-0.08333,0.2569,,,0.2083,0.03226,8.603,0.2775,1.055,1.332,7.271,,
Guinea,2020-04-12,9.946,-9.6966,12992595,879,,,250,17,0,250,17,233,35.0,3.333,,,,4.056,1.0,,,,-0.45139,-0.1875,,0.0,0.0,19.242,0.0,1.308,1.308,17.933,,
Guinea-Bissau,2020-04-12,11.804,-15.1804,1969276,778,,,38,0,0,38,0,38,1.167,,,,,-0.33333,,,,,,,,,0.0,19.296,0.0,0.0,0.0,19.296,,
Guyana,2020-04-12,5.0,-58.75,782677,4979,,,45,8,6,45,14,31,3.0,0.0,0.0,0.0,3.0,0.1111,,-0.05556,,,0.02778,,,0.4286,0.1333,57.495,7.666,10.221,17.887,39.608,,
Haiti,2020-04-12,18.971,-72.2852,11466044,868,,,33,0,3,33,3,30,1.833,,0.1667,,,0.05556,,-0.05556,,,,,,1.0,0.09091,2.878,0.2616,0.0,0.2616,2.616,,
Holy See,2020-04-12,41.903,12.453,,,,,8,2,0,8,2,6,0.0,0.0,,,,-0.02778,,,,,,,,0.0,0.0,,,,,,,
Honduras,2020-04-12,15.2,-86.2419,9997955,2506,,,393,7,25,393,32,361,12.667,0.5,1.333,1.833,10.833,-0.86111,0.05556,0.5,0.5556,-1.41667,,,,0.7812,0.06361,39.308,2.501,0.7001,3.201,36.107,,
Hungary,2020-04-12,47.162,19.503,9728346,16151,33532,samples tested,1410,118,99,1410,217,1193,99.833,16.0,11.333,27.333,72.5,-6.72222,1.722,0.3333,2.056,-8.77778,,,,0.4562,0.07021,144.937,10.176,12.13,22.306,122.631,23.782,3446.835
Iceland,2020-04-12,64.963,-19.0208,361714,73368,35447,samples tested,1701,889,8,1701,897,804,13.167,64.833,0.3333,65.167,-52.0,-2.22222,-0.75,-0.02778,-0.77778,-1.44444,,,,0.00892,0.0047,4702.61,22.117,2457.743,2479.86,2222.751,20.839,97997.313
India,2020-04-12,21.0,78.0,1390254545,2010,181028,people tested,9205,1080,331,9205,1411,7794,932.833,135.333,29.833,165.167,767.667,58.056,18.833,-0.13889,18.694,39.361,1.146,,,0.2346,0.03596,6.621,0.2381,0.7768,1.015,5.606,19.666,130.212
Indonesia,2020-04-12,-0.7893,113.921,274757901,3894,27075,people tested,4241,359,373,4241,732,3509,307.167,32.333,31.5,63.833,243.333,7.139,2.917,-0.05556,2.861,4.278,-3.79167,,,0.5096,0.08795,15.435,1.358,1.307,2.664,12.771,6.384,98.541
Iran,2020-04-12,32.0,53.0,83827713,1670,263388,samples tested,71686,43894,4474,71686,48368,23318,1694.833,2937.333,111.167,3048.5,-1353.66667,-55.66667,-210.13889,-4.94444,-215.08333,159.417,,,,0.0925,0.06241,855.159,53.371,523.622,576.993,278.166,3.674,3142.016
Iraq,2020-04-12,33.0,44.0,40593281,,,,1352,640,76,1352,716,636,30.5,52.667,1.667,54.333,-23.83333,-4.44444,0.4722,-0.16667,0.3056,-4.75,,,,0.1061,0.05621,33.306,1.872,15.766,17.638,15.668,,
Ireland,2020-04-12,53.142,-7.6921,5002283,78583,,units unclear,9655,25,334,9655,359,9296,995.5,8.667,30.167,38.833,956.667,22.556,,2.139,,,-20.34028,,,0.9304,0.03459,1930.119,66.77,4.998,71.767,1858.351,,
Israel,2020-04-12,31.0,35.0,9230241,41720,165116,samples tested,11145,1627,103,11145,1730,9415,422.167,258.667,7.333,266.0,156.167,-3.36111,21.861,0.4167,22.278,-25.63889,,,,0.05954,0.00924,1207.444,11.159,176.268,187.427,1020.017,14.815,17888.59
Italy,2020-04-12,43.0,12.0,60821283,34489,1010193,samples tested,156363,34211,19899,156363,54110,102253,3588.167,1603.667,561.0,2164.667,1423.5,-118.16667,-18.27778,-1.33333,-19.61111,-98.55556,,,,0.3678,0.1273,2570.86,327.172,562.484,889.656,1681.204,6.461,16609.202
Jamaica,2020-04-12,18.11,-77.2975,2967754,5354,,,69,13,4,69,17,52,10.333,1.5,0.1667,1.667,8.667,2.306,0.1944,0.0,0.1944,2.111,0.4861,,,0.2353,0.05797,23.25,1.348,4.38,5.728,17.522,,
Japan,2020-04-12,36.0,138.0,126494270,39290,77381,people tested,6748,762,108,6748,870,5878,572.167,36.833,8.667,45.5,526.667,12.611,3.333,2.528,5.861,6.75,-6.53472,,,0.1241,0.016,53.346,0.8538,6.024,6.878,46.469,11.467,611.735
Jordan,2020-04-12,31.24,36.51,10718956,4242,,,389,201,7,389,208,181,4.833,14.833,0.0,14.833,-10.0,-0.44444,-0.19444,-0.02778,-0.22222,-0.22222,,,,0.03365,0.01799,36.291,0.653,18.752,19.405,16.886,,
Kazakhstan,2020-04-12,48.02,66.924,18693685,9815,69304,samples tested,951,99,10,951,109,842,85.667,30.0,1.333,31.333,54.333,10.417,6.25,0.08333,6.333,4.083,-1.34722,-0.68403,,0.09174,0.01052,50.873,0.5349,5.296,5.831,45.042,72.875,3707.348
Kenya,2020-04-12,-0.0236,37.906,54177517,1711,7449,units unclear,197,25,8,197,33,164,6.833,6.833,0.5,7.333,-0.5,0.7222,0.3889,0.05556,0.4444,0.2778,,,,0.2424,0.04061,3.636,0.1477,0.4614,0.6091,3.027,37.812,137.492
Kosovo,2020-04-12,42.603,20.903,1862192,4302,,,283,58,7,283,65,218,33.833,6.0,0.5,6.5,27.333,2.472,0.0,-0.02778,-0.02778,2.5,-0.52778,,,0.1077,0.02473,151.971,3.759,31.146,34.905,117.066,,
Kuwait,2020-04-12,29.5,47.75,4474225,33994,,,1234,142,1,1234,143,1091,82.5,15.833,0.3333,16.167,66.333,-1.44444,2.75,,,,0.8542,,,0.00699,0.00081,275.802,0.2235,31.737,31.961,243.841,,
Kyrgyzstan,2020-04-12,41.204,74.766,6504691,1280,,,377,54,5,377,59,318,28.167,7.167,0.1667,7.333,20.833,-0.88889,1.528,-0.02778,1.5,-2.38889,-0.25,,,0.08475,0.01326,57.958,0.7687,8.302,9.07,48.888,,
Latvia,2020-04-12,56.88,24.603,1883606,17855,28214,samples tested,651,16,5,651,21,630,12.833,4.667,0.3333,5.0,7.833,-1.33333,,-0.11111,,,,,,0.2381,0.00768,345.614,2.654,8.494,11.149,334.465,43.339,14978.716
Lebanon,2020-04-12,33.855,35.862,7303125,8270,,,630,80,20,630,100,530,12.667,3.0,0.3333,3.333,9.333,-1.30556,-0.02778,0.0,-0.02778,-1.27778,,,,0.2,0.03175,86.264,2.739,10.954,13.693,72.572,,
Lesotho,2020-04-12,-29.60999,28.234,2116672,1299,,,0,0,0,0,0,0,,,,,,,,,,,,,,,,0.0,0.0,0.0,0.0,0.0,,
Liberia,2020-04-12,6.428,-9.4295,5108890,677,,,50,3,5,50,8,42,4.667,0.1667,0.3333,0.5,4.167,-0.27778,,0.0,,,,,,0.625,0.1,9.787,0.9787,0.5872,1.566,8.221,,
Libya,2020-04-12,26.335,17.228,6844086,7242,,,25,9,1,25,10,15,4.0,0.1667,0.0,0.1667,3.833,0.5,-0.16667,,,,-0.11806,-0.0816,,0.1,0.04,3.653,0.1461,1.315,1.461,2.192,,
Liechtenstein,2020-04-12,47.14,9.55,38475,74854,,,79,55,1,79,56,23,0.1667,0.0,0.0,0.0,0.1667,-0.05556,,,,,,,,0.01786,0.01266,2053.281,25.991,1429.5,1455.491,597.791,,
Lithuania,2020-04-12,55.169,23.881,2733144,19071,,samples tested,1053,97,23,1053,120,933,22.667,21.667,2.333,24.0,-1.33333,-0.66667,1.167,0.05556,1.222,-1.88889,,,,0.1917,0.02184,385.271,8.415,35.49,43.905,341.365,,
Luxembourg,2020-04-12,49.815,6.13,630779,116597,29315,people tested,3281,500,66,3281,566,2715,43.0,4.333,2.833,7.167,35.833,-5.05556,,-0.52778,,,,,,0.1166,0.02012,5201.505,104.633,792.671,897.303,4304.202,8.935,46474.28
MS Zaandam,2020-04-12,0.0,0.0,,,,,9,0,2,9,2,7,0.0,,0.0,,,,,,,,,,,1.0,0.2222,,,,,,,
Madagascar,2020-04-12,-18.7669,46.869,27794253,528,,,106,20,0,106,20,86,2.833,3.0,,,,-0.27778,-0.08333,,,,,,,0.0,0.0,3.814,0.0,0.7196,0.7196,3.094,,
Malawi,2020-04-12,-13.25431,34.302,19152062,389,,,13,0,2,13,2,11,1.333,,0.1667,,,-0.11111,,,,,-0.0625,,,1.0,0.1538,0.6788,0.1044,0.0,0.1044,0.5744,,
Malaysia,2020-04-12,2.5,112.5,32622577,11373,77491,people tested,4683,2108,76,4683,2184,2499,140.667,173.167,2.667,175.833,-35.16667,-7.44444,3.528,-0.05556,3.472,-10.91667,,,,0.0348,0.01623,143.551,2.33,64.618,66.948,76.603,16.547,2375.379
Maldives,2020-04-12,3.203,73.221,552037,10331,2632,samples tested,20,14,0,20,14,6,0.5,0.5,,,,0.3889,0.02778,,,,,,,0.0,0.0,36.229,0.0,25.361,25.361,10.869,131.6,4767.796
Mali,2020-04-12,17.571,-3.99617,20292317,900,,,105,22,9,105,31,74,12.333,2.0,1.0,3.0,9.333,1.472,0.1667,0.0,0.1667,1.306,-0.14583,,,0.2903,0.08571,5.174,0.4435,1.084,1.528,3.647,,
Malta,2020-04-12,35.938,14.375,496458,30030,,,378,44,3,378,47,331,10.333,4.667,0.1667,4.833,5.5,-2.47222,0.4444,,,,,,,0.06383,0.00794,761.394,6.043,88.628,94.671,666.723,,
Mauritania,2020-04-12,21.008,10.941,4662786,1189,,,7,2,1,7,3,4,0.0,0.0,0.0,0.0,0.0,-0.02778,,,,,,,,0.3333,0.1429,1.501,0.2145,0.4289,0.6434,0.8579,,
Mauritius,2020-04-12,-20.2,57.5,1274331,11239,,,324,42,9,324,51,273,1.667,7.0,0.3333,7.333,-5.66667,-2.19444,2.861,-0.05556,2.806,-5.0,,,,0.1765,0.02778,254.251,7.063,32.958,40.021,214.23,,
Mexico,2020-04-12,23.634,-102.5528,129654253,9673,36214,people tested,4661,1772,296,4661,2068,2593,401.0,248.667,42.5,291.167,109.833,17.056,-21.83333,5.083,-16.75,33.806,4.556,1.932,,0.1431,0.06351,35.949,2.283,13.667,15.95,19.999,7.77,279.312
Moldova,2020-04-12,47.412,28.37,2682880,4229,,,1662,94,31,1662,125,1537,126.667,20.167,2.833,23.0,103.667,0.5278,6.667,0.3889,7.056,-6.52778,-1.22222,,,0.248,0.01865,619.484,11.555,35.037,46.592,572.892,,
Monaco,2020-04-12,43.733,7.417,39486,185741,,,93,6,1,93,7,86,1.5,1.167,0.3333,1.5,0.0,-0.41667,0.3889,,,,,,,0.1429,0.01075,2355.265,25.325,151.953,177.278,2177.987,,
Mongolia,2020-04-12,46.862,103.847,3270171,4122,,,16,4,0,16,4,12,2.333,0.1667,,,,0.3889,-0.02778,,,,-0.16667,-0.04688,,0.0,0.0,4.893,0.0,1.223,1.223,3.67,,
Montenegro,2020-04-12,42.5,19.3,624177,8846,,,272,5,3,272,8,264,6.0,8.5,0.3333,8.833,-2.83333,-0.11111,1.278,0.02778,1.306,-1.41667,,,,0.375,0.01103,435.774,4.806,8.011,12.817,422.957,,
Morocco,2020-04-12,31.792,-7.0926,36937822,3222,8604,people tested,1661,177,118,1661,295,1366,108.333,20.0,5.0,25.0,83.333,13.417,1.139,-0.52778,0.6111,12.806,1.66,-1.02778,,0.4,0.07104,44.967,3.195,4.792,7.986,36.981,5.18,232.932
Namibia,2020-04-12,-22.9576,18.49,2534225,5931,,,16,3,0,16,3,13,0.0,0.0,,,,,,,,,,,,0.0,0.0,6.314,0.0,1.184,1.184,5.13,,
Nepal,2020-04-12,28.167,84.25,28590852,1034,5184,people tested,12,1,0,12,1,11,1.167,0.0,,,,0.4444,,,,,,-0.01042,,0.0,0.0,0.4197,0.0,0.03498,0.03498,0.3847,432.0,181.317
Netherlands,2020-04-12,21.408,-53.00556,17383205,53022,131221,people tested,25746,45,2747,25746,2792,22954,1068.833,4.333,123.667,128.0,940.833,-22.22222,-0.41667,-0.19444,-0.61111,-21.61111,,,,0.9839,0.1067,1481.085,158.026,2.589,160.615,1320.47,5.097,7548.723
New Zealand,2020-04-12,-40.9006,174.886,4964681,42331,62827,samples tested,1330,471,4,1330,475,855,24.5,68.5,1.333,69.833,-45.33333,-3.66667,2.806,0.1111,2.917,-6.58333,,,,0.00842,0.00301,267.892,0.8057,94.87,95.676,172.217,47.238,12654.791
Nicaragua,2020-04-12,12.865,-85.2072,6642666,2021,,,9,4,1,9,5,4,0.3333,,0.0,,,-0.08333,,,,,,,,0.2,0.1111,1.355,0.1505,0.6022,0.7527,0.6022,,
Niger,2020-04-12,17.608,8.082,24213446,414,,,529,75,12,529,87,442,29.0,8.333,0.5,8.833,20.167,-4.61111,-0.30556,0.1389,-0.16667,-4.44444,,,,0.1379,0.02268,21.847,0.4956,3.097,3.593,18.254,,
Nigeria,2020-04-12,9.082,8.675,206401478,2028,,samples tested,323,85,10,323,95,228,19.833,12.833,0.8333,13.667,6.167,3.722,0.8611,0.1111,0.9722,2.75,1.035,0.05382,,0.1053,0.03096,1.565,0.04845,0.4118,0.4603,1.105,,
North Macedonia,2020-04-12,41.609,21.745,2088377,6084,,,828,41,34,828,75,753,51.833,10.167,2.5,12.667,39.167,2.333,3.111,0.1111,3.222,-0.88889,-0.80556,-0.52431,,0.4533,0.04106,396.48,16.281,19.632,35.913,360.567,,
Norway,2020-04-12,60.472,8.469,5411934,81734,126486,people tested,6525,32,128,6525,160,6365,88.167,0.0,7.0,7.0,81.167,-4.13889,,-0.44444,,,,,,0.8,0.01962,1205.669,23.651,5.913,29.564,1176.105,19.385,23371.682
Oman,2020-04-12,21.0,57.0,5252599,16415,,,599,109,4,599,113,486,75.5,3.667,0.1667,3.833,71.667,8.694,0.5278,0.0,0.5278,8.167,-0.86806,-0.625,,0.0354,0.00668,114.039,0.7615,20.752,21.513,92.526,,
Pakistan,2020-04-12,30.375,69.345,221843678,1482,65114,samples tested,5230,1028,91,5230,1119,4111,315.667,145.667,7.667,153.333,162.333,26.222,0.9722,0.3889,1.361,24.861,4.583,,,0.08132,0.0174,23.575,0.4102,4.634,5.044,18.531,12.45,293.513
Panama,2020-04-12,8.538,-80.7821,4328485,15575,15147,units unclear,3234,23,79,3234,102,3132,174.333,9.333,5.333,14.667,159.667,-7.5,2.472,0.3333,2.806,-10.30556,,,,0.7745,0.02443,747.144,18.251,5.314,23.565,723.579,4.684,3499.377
Papua New Guinea,2020-04-12,-6.315,143.956,8983928,2730,,,2,0,0,2,0,2,0.0,,,,,,,,,,,,,,0.0,0.2226,0.0,0.0,0.0,0.2226,,
Paraguay,2020-04-12,-23.4425,-58.4438,7165956,5822,3394,samples tested,134,22,6,134,28,106,6.167,0.8333,0.5,1.333,4.833,1.306,0.08333,0.02778,0.1111,1.194,-0.02083,,,0.2143,0.04478,18.7,0.8373,3.07,3.907,14.792,25.328,473.628
Peru,2020-04-12,-9.19,-75.0152,32670922,6941,31234,units unclear,7519,1798,193,7519,1991,5528,1036.5,278.333,19.333,297.667,738.833,53.972,113.472,1.5,114.972,-61.0,-16.54167,,,0.09694,0.02567,230.143,5.907,55.034,60.941,169.202,4.154,956.018
Philippines,2020-04-12,13.0,122.0,110425890,3103,,people tested,4648,197,297,4648,494,4154,229.5,38.167,24.333,62.5,167.0,12.528,5.417,-0.94444,4.472,8.056,-3.34028,-2.08507,,0.6012,0.0639,42.092,2.69,1.784,4.474,37.618,,
Poland,2020-04-12,51.919,19.145,37943338,15422,138007,samples tested,6674,439,232,6674,671,6003,334.5,64.0,18.667,82.667,251.833,-5.36111,7.361,-0.27778,7.083,-12.44444,,,,0.3458,0.03476,175.894,6.114,11.57,17.684,158.21,20.678,3637.187
Portugal,2020-04-12,39.4,-8.2245,10283147,23403,190857,samples tested,16585,277,504,16585,781,15804,689.167,29.667,31.667,61.333,627.833,-48.75,5.444,-0.27778,5.167,-53.91667,,,,0.6453,0.03039,1612.833,49.012,26.937,75.95,1536.884,11.508,18560.174
Qatar,2020-04-12,25.355,51.184,3303190,68794,49102,people tested,2979,275,7,2979,282,2697,222.5,33.333,0.1667,33.5,189.0,24.5,2.528,-0.05556,2.472,22.028,6.701,,-0.65234,0.02482,0.00235,901.855,2.119,83.253,85.372,816.483,16.483,14865.024
Romania,2020-04-12,45.943,24.967,19160783,12306,62328,samples tested,6300,852,316,6300,1168,5132,335.667,95.0,20.667,115.667,220.0,-3.47222,12.0,-0.97222,11.028,-14.5,-3.10417,,,0.2705,0.05016,328.797,16.492,44.466,60.958,267.839,9.893,3252.894
Russia,2020-04-12,60.0,90.0,144244558,11289,1278747,samples tested,15770,1291,130,15770,1421,14349,2393.167,214.667,20.333,235.0,2158.167,322.111,24.472,2.778,27.25,294.861,33.014,-3.20486,-3.85286,0.09148,0.00824,109.328,0.9012,8.95,9.851,99.477,81.087,8865.132
Rwanda,2020-04-12,-1.9403,29.874,12916359,773,11037,units unclear,126,25,0,126,25,101,4.333,7.833,,,,-0.08333,0.6389,,,,-0.10417,,,0.0,0.0,9.755,0.0,1.936,1.936,7.82,87.595,854.498
Saint Kitts and Nevis,2020-04-12,17.358,-62.783,,,,,12,0,0,12,0,12,0.5,,,,,0.0,,,,,,,,,0.0,,,,,,,
Saint Lucia,2020-04-12,13.909,-60.9789,,,,,15,4,0,15,4,11,0.1667,1.667,,,,-0.02778,0.1111,,,,,,,0.0,0.0,,,,,,,
Saint Vincent and the Grenadines,2020-04-12,12.984,-61.2872,,,,,12,1,0,12,1,11,0.0,0.0,,,,-0.13889,,,,,,,,0.0,0.0,,,,,,,
San Marino,2020-04-12,43.942,12.458,34572,40124,,,356,53,35,356,88,268,6.5,0.6667,0.3333,1.0,5.5,0.25,-0.30556,0.02778,-0.27778,0.5278,,,,0.3977,0.09831,10297.35,1012.38,1533.033,2545.412,7751.938,,
Sao Tome and Principe,2020-04-12,0.1864,6.613,220479,,,,4,0,0,4,0,4,0.0,,,,,,,,,,,,,,0.0,18.142,0.0,0.0,0.0,18.142,,
Saudi Arabia,2020-04-12,24.0,45.0,35582072,23339,,,4462,761,59,4462,820,3642,429.167,44.167,5.833,50.0,379.167,54.306,9.944,0.3333,10.278,44.028,9.868,1.984,-0.89497,0.07195,0.01322,125.4,1.658,21.387,23.045,102.355,,
Senegal,2020-04-12,14.497,-14.4524,16725284,1522,3027,samples tested,280,171,2,280,173,107,10.667,11.167,0.0,11.167,-0.5,0.4444,-1.08333,,,,-0.00694,0.0191,,0.01156,0.00714,16.741,0.1196,10.224,10.344,6.397,10.811,180.983
Serbia,2020-04-12,44.016,21.006,6925690,7246,18312,people tested,3630,0,80,3630,80,3550,334.333,,5.5,,,25.944,,0.4167,,,-2.54167,-3.38715,,1.0,0.02204,524.136,11.551,0.0,11.551,512.584,5.045,2644.069
Seychelles,2020-04-12,-4.6796,55.492,98675,16434,,,11,0,0,11,0,11,0.0,,,,,,,,,,,,,,0.0,111.477,0.0,0.0,0.0,111.477,,
Sierra Leone,2020-04-12,8.461,-11.77989,8098006,534,,,10,0,0,10,0,10,1.0,,,,,0.4444,,,,,0.1736,,,,0.0,1.235,0.0,0.0,0.0,1.235,,
Singapore,2020-04-12,1.283,103.833,5853430,64582,,people tested,2532,560,8,2532,568,1964,298.167,32.0,0.6667,32.667,265.5,63.972,-1.0,0.02778,-0.97222,64.944,12.035,-0.27083,-1.42535,0.01408,0.00316,432.567,1.367,95.67,97.037,335.53,,
Slovakia,2020-04-12,48.669,19.699,5453260,19444,28750,samples tested,742,23,2,742,25,717,27.0,21.333,0.6667,22.0,5.0,3.861,4.861,,,,1.16,,,0.08,0.0027,136.065,0.3668,4.218,4.584,131.481,38.747,5272.076
Slovenia,2020-04-12,46.151,14.996,2083556,26042,35405,samples tested,1205,150,53,1205,203,1002,20.667,6.167,3.0,9.167,11.5,-2.0,-0.22222,-0.16667,-0.38889,-1.61111,,,,0.2611,0.04398,578.338,25.437,71.992,97.43,480.909,29.382,16992.584
Somalia,2020-04-12,5.152,46.2,15910843,,,,25,2,1,25,3,22,11.333,0.1667,0.6667,0.8333,10.5,2.556,-0.02778,,,,0.5833,0.00694,-0.0803,0.3333,0.04,1.571,0.06285,0.1257,0.1886,1.383,,
South Africa,2020-04-12,-30.5595,22.938,59411676,6374,80085,units unclear,2173,410,25,2173,435,1738,95.333,52.5,2.667,55.167,40.167,10.389,4.944,0.3889,5.333,5.056,0.9097,-0.2309,-0.09635,0.05747,0.0115,36.575,0.4208,6.901,7.322,29.254,36.855,1347.967
South Korea,2020-04-12,36.0,128.0,52144578,31380,514621,people tested,10512,7368,214,10512,7582,2930,28.0,107.167,3.5,110.667,-82.66667,-2.41667,-5.58333,-0.27778,-5.86111,3.444,,,,0.02822,0.02036,201.593,4.104,141.299,145.403,56.19,48.956,9869.118
Spain,2020-04-12,40.0,-4.0,47545141,30324,,,166831,62391,17209,166831,79600,87231,4070.333,3114.667,543.5,3658.167,412.167,-146.13889,-265.22222,-28.72222,-293.94444,147.806,,,,0.2162,0.1032,3508.897,361.951,1312.248,1674.198,1834.699,,
Sri Lanka,2020-04-12,7.0,81.0,22017708,4102,,,210,56,7,210,63,147,8.0,2.333,0.0,2.333,5.667,0.3333,0.3333,-0.05556,0.2778,0.05556,0.02083,0.04514,,0.1111,0.03333,9.538,0.3179,2.543,2.861,6.676,,
Sudan,2020-04-12,12.863,30.218,43832398,977,,,19,2,2,19,4,15,2.833,0.3333,0.5,0.8333,2.0,1.111,,,,,0.3403,0.0434,-0.03819,0.5,0.1053,0.4335,0.04563,0.04563,0.09126,0.3422,,
Suriname,2020-04-12,3.919,-56.0278,589022,6234,,,10,4,1,10,5,5,0.0,0.3333,0.0,0.3333,-0.33333,,,,,,,,,0.2,0.1,16.977,1.698,6.791,8.489,8.489,,
Sweden,2020-04-12,63.0,16.0,10331337,54651,74600,people tested,10483,381,899,10483,1280,9203,464.333,29.333,68.333,97.667,366.667,1.722,-0.19444,5.278,5.083,-3.36111,,,,0.7023,0.08576,1014.68,87.017,36.878,123.895,890.785,7.116,7220.75
Switzerland,2020-04-12,46.818,8.228,8675300,82829,199257,samples tested,25415,12700,1106,25415,13806,11609,380.833,800.0,48.5,848.5,-467.66667,-49.13889,-6.77778,-2.19444,-8.97222,-40.16667,,,,0.08011,0.04352,2929.582,127.488,1463.926,1591.415,1338.167,7.84,22968.312
Taiwan,2020-04-12,23.7,121.0,,,47215,samples tested,388,109,6,388,115,273,2.5,9.5,0.1667,9.667,-7.16667,-0.13889,0.4722,-0.02778,0.4444,-0.58333,,,,0.05217,0.01546,,,,,,121.688,
Tanzania,2020-04-12,-6.369,34.889,59664818,1061,,,32,5,3,32,8,24,10.5,1.0,0.5,1.5,9.0,2.972,0.1111,0.0,0.1111,2.861,0.8542,-0.10938,-0.1454,0.375,0.09375,0.5363,0.05028,0.0838,0.1341,0.4022,,
Thailand,2020-04-12,15.0,101.0,70187992,7274,33810,people tested,2551,1218,38,2551,1256,1295,36.667,92.833,1.833,94.667,-58.0,-4.13889,4.0,-0.08333,3.917,-8.05556,,,,0.03025,0.0149,36.345,0.5414,17.353,17.895,18.45,13.254,481.706
Togo,2020-04-12,8.62,0.8248,8313208,679,,,76,29,3,76,32,44,1.333,1.833,0.0,1.833,-0.5,-0.27778,0.3889,,,,,,,0.09375,0.03947,9.142,0.3609,3.488,3.849,5.293,,
Trinidad and Tobago,2020-04-12,10.692,-61.2225,1404205,17130,,,113,16,8,113,24,89,0.8333,3.0,0.0,3.0,-2.16667,-0.19444,-0.27778,,,,,,,0.3333,0.0708,80.473,5.697,11.394,17.092,63.381,,
Tunisia,2020-04-12,34.0,9.0,11792303,3448,12085,units unclear,707,43,31,707,74,633,22.833,3.0,1.667,4.667,18.167,1.278,-1.05556,-0.08333,-1.13889,2.417,-0.10417,,,0.4189,0.04385,59.954,2.629,3.646,6.275,53.679,17.093,1024.821
Turkey,2020-04-12,38.964,35.243,84767099,9370,376100,samples tested,56956,3446,1198,56956,4644,52312,4518.333,588.667,101.667,690.333,3828.0,-37.94444,135.75,3.972,139.722,-177.66667,-35.3125,,,0.258,0.02103,671.912,14.133,40.653,54.785,617.126,6.603,4436.863
Uganda,2020-04-12,1.0,32.0,45624665,643,5025,samples tested,54,4,0,54,4,50,0.3333,,,,,-0.02778,,,,,,,,0.0,0.0,1.184,0.0,0.08767,0.08767,1.096,93.056,110.138
Ukraine,2020-04-12,48.379,31.166,44143362,3095,,units unclear,2777,89,83,2777,172,2605,312.0,16.333,8.5,24.833,287.167,24.194,3.472,0.1389,3.611,20.583,-2.40278,,,0.4826,0.02989,62.909,1.88,2.016,3.896,59.012,,
United Arab Emirates,2020-04-12,24.0,54.0,10910461,43005,,,4123,680,22,4123,702,3421,395.833,127.667,3.167,130.833,265.0,3.667,-0.13889,0.1111,-0.02778,3.694,-3.83333,,,0.03134,0.00534,377.894,2.016,62.326,64.342,313.552,,
United Kingdom,2020-04-12,24.548,-43.90225,67359087,42962,282374,people tested,85206,626,12302,85206,12928,72278,5601.833,1.5,886.333,887.833,4714.0,-78.30556,-15.30556,-3.63889,-18.94444,-59.36111,,,,0.9516,0.1444,1264.952,182.633,9.293,191.927,1073.025,3.314,4192.07
United States,2020-04-12,37.09,-95.7129,332049547,62887,2842944,units unclear,555313,32988,26086,555313,59074,496239,28891.167,4447.667,2078.667,6526.333,22364.833,-325.52778,512.361,41.583,553.944,-879.47222,,,,0.4416,0.04698,1672.38,78.561,99.347,177.907,1494.473,5.12,8561.807
Uruguay,2020-04-12,-32.5228,-55.7658,3464003,17278,8774,samples tested,480,231,7,480,238,242,3.333,11.0,0.3333,11.333,-8.0,-0.77778,-1.13889,0.02778,-1.11111,0.3333,,,,0.02941,0.01458,138.568,2.021,66.686,68.707,69.861,18.279,2532.908
Uzbekistan,2020-04-12,41.378,64.585,34035959,1532,,,865,66,4,865,70,795,120.0,11.5,0.1667,11.667,108.333,6.028,2.556,-0.02778,2.528,3.5,-3.64583,,,0.05714,0.00462,25.414,0.1175,1.939,2.057,23.358,,
Venezuela,2020-04-12,6.424,-66.5897,29442841,4842,,,181,93,9,181,102,79,4.333,4.5,0.0,4.5,-0.16667,0.8333,-0.22222,-0.05556,-0.27778,1.111,0.1944,-0.01389,,0.08824,0.04972,6.148,0.3057,3.159,3.464,2.683,,
Vietnam,2020-04-12,16.0,108.0,97455744,2567,,units unclear,262,144,0,262,144,118,2.0,7.167,,,,-0.30556,0.2222,,,,,,,0.0,0.0,2.688,0.0,1.478,1.478,1.211,,
West Bank and Gaza,2020-04-12,31.952,35.233,4801744,3199,,,271,58,2,271,60,211,4.667,3.167,0.1667,3.333,1.333,0.6944,-0.63889,-0.02778,-0.66667,1.361,,,,0.03333,0.00738,56.438,0.4165,12.079,12.495,43.942,,
Western Sahara,2020-04-12,24.216,-12.8858,,,,,6,0,0,6,0,6,0.3333,,,,,-0.05556,,,,,,,,,0.0,,,,,,,
Zambia,2020-04-12,-15.4167,28.283,18364219,1540,,,43,30,2,43,32,11,1.5,1.0,0.1667,1.167,0.3333,0.2778,-0.61111,-0.02778,-0.63889,0.9167,0.04861,,,0.0625,0.04651,2.342,0.1089,1.634,1.743,0.599,,
Zimbabwe,2020-04-12,-20.0,30.0,14755201,2147,,,14,0,3,14,3,11,2.0,,0.0,,,0.1944,,-0.05556,,,-0.02778,-0.02604,,1.0,0.2143,0.9488,0.2033,0.0,0.2033,0.7455,,
