country,date,latitude,longitude,estimated_population,gdp_per_capita,total_tests,test_kind,confirmed,recovered_confirmed,recovered,deaths,infected,closed,active,diff_infected,diff_recovered,diff_deaths,diff_closed,diff_active,diff2_infected,diff2_recovered,diff2_deaths,diff2_closed,diff2_active,diff3_infected,diff4_infected,diff5_infected,μ_closed,μ_infected,infected_per_1mi,deaths_per_1mi,recovered_per_1mi,closed_per_1mi,active_per_1mi,tests_per_confirmed,tests_per_1mi
Sweden,2020-01-22,63.0,16.0,10331337,54651,,,0,0,130,0,0,130,-130,,,,,,,,,,,,,,0.0,,0.0,0.0,12.583,12.583,-12.58308,,
Sweden,2020-01-23,63.0,16.0,10331337,54651,,,0,0,118,0,0,118,-118,,,,,,,,,,,,,,0.0,,0.0,0.0,11.422,11.422,-11.42156,,
Sweden,2020-01-24,63.0,16.0,10331337,54651,,,0,0,107,0,0,107,-107,,,,,,,,,,,,,,0.0,,0.0,0.0,10.357,10.357,-10.35684,,
Sweden,2020-01-25,63.0,16.0,10331337,54651,,,0,0,98,0,0,98,-98,,-9.5,,,,,,,,,,,,0.0,,0.0,0.0,9.486,9.486,-9.4857,,
Sweden,2020-01-26,63.0,16.0,10331337,54651,,,0,0,89,0,0,89,-89,,-8.5,,,,,,,,,,,,0.0,,0.0,0.0,8.615,8.615,-8.61457,,
Sweden,2020-01-27,63.0,16.0,10331337,54651,,,0,0,81,0,0,81,-81,,-7.66667,,,,,,,,,,,,0.0,,0.0,0.0,7.84,7.84,-7.84022,,
Sweden,2020-01-28,63.0,16.0,10331337,54651,,,0,0,73,0,0,73,-73,,-7.16667,,,,,,,,,,,,0.0,,0.0,0.0,7.066,7.066,-7.06588,,
Sweden,2020-01-29,63.0,16.0,10331337,54651,,,0,0,67,0,0,67,-67,,-6.5,,,,,,,,,,,,0.0,,0.0,0.0,6.485,6.485,-6.48512,,
Sweden,2020-01-30,63.0,16.0,10331337,54651,,,0,0,61,0,0,61,-61,,-5.83333,,,,,,,,,,,,0.0,,0.0,0.0,5.904,5.904,-5.90437,,
Sweden,2020-01-31,63.0,16.0,10331337,54651,,,1,0,55,0,1,55,-54,,-5.16667,,,,,,,,,,,,0.0,0.0,0.09679,0.0,5.324,5.324,-5.22682,,
Sweden,2020-02-01,63.0,16.0,10331337,54651,,,1,0,50,0,1,50,-49,,-4.83333,,,,,,,,,,,,0.0,0.0,0.09679,0.0,4.84,4.84,-4.74285,,
Sweden,2020-02-02,63.0,16.0,10331337,54651,,,1,0,46,0,1,46,-45,,-4.33333,,,,,,,,,,,,0.0,0.0,0.09679,0.0,4.452,4.452,-4.35568,,
Sweden,2020-02-03,63.0,16.0,10331337,54651,,,1,0,42,0,1,42,-41,0.0,-3.83333,,,,,,,,,,,,0.0,0.0,0.09679,0.0,4.065,4.065,-3.96851,,
Sweden,2020-02-04,63.0,16.0,10331337,54651,,,1,0,38,0,1,38,-37,0.0,-3.5,,,,,,,,,,,,0.0,0.0,0.09679,0.0,3.678,3.678,-3.58134,,
Sweden,2020-02-05,63.0,16.0,10331337,54651,,,1,0,35,0,1,35,-34,0.0,-3.33333,,,,,,,,,,,,0.0,0.0,0.09679,0.0,3.388,3.388,-3.29096,,
Sweden,2020-02-06,63.0,16.0,10331337,54651,,,1,0,32,0,1,32,-31,0.0,-3.0,,,,,,,,,,,,0.0,0.0,0.09679,0.0,3.097,3.097,-3.00058,,
Sweden,2020-02-07,63.0,16.0,10331337,54651,,,1,0,29,0,1,29,-28,0.0,-2.66667,,,,,,,,,,,,0.0,0.0,0.09679,0.0,2.807,2.807,-2.7102,,
Sweden,2020-02-08,63.0,16.0,10331337,54651,,,1,0,26,0,1,26,-25,0.0,-2.5,,,,,,,,,,,,0.0,0.0,0.09679,0.0,2.517,2.517,-2.41982,,
Sweden,2020-02-09,63.0,16.0,10331337,54651,,,1,0,24,0,1,24,-23,0.0,-2.33333,,,,,,,,,,,,0.0,0.0,0.09679,0.0,2.323,2.323,-2.22624,,
Sweden,2020-02-10,63.0,16.0,10331337,54651,,,1,0,22,0,1,22,-21,0.0,-2.0,,,,,,,,,,,,0.0,0.0,0.09679,0.0,2.129,2.129,-2.03265,,
Sweden,2020-02-11,63.0,16.0,10331337,54651,,,1,0,20,0,1,20,-19,0.0,-1.83333,,,,,,,,,,,,0.0,0.0,0.09679,0.0,1.936,1.936,-1.83906,,
Sweden,2020-02-12,63.0,16.0,10331337,54651,,,1,0,18,0,1,18,-17,0.0,-1.66667,,,,,,,,,,,,0.0,0.0,0.09679,0.0,1.742,1.742,-1.64548,,
Sweden,2020-02-13,63.0,16.0,10331337,54651,,,1,0,17,0,1,17,-16,0.0,-1.5,,,,,,,,,,,,0.0,0.0,0.09679,0.0,1.645,1.645,-1.54869,,
Sweden,2020-02-14,63.0,16.0,10331337,54651,,,1,0,15,0,1,15,-14,0.0,-1.33333,,,,,,,,,,,,0.0,0.0,0.09679,0.0,1.452,1.452,-1.3551,,
Sweden,2020-02-15,63.0,16.0,10331337,54651,,,1,0,14,0,1,14,-13,0.0,-1.16667,,,,,,,,,,,,0.0,0.0,0.09679,0.0,1.355,1.355,-1.25831,,
Sweden,2020-02-16,63.0,16.0,10331337,54651,,,1,0,13,0,1,13,-12,0.0,-1.16667,,,,,,,,,,,,0.0,0.0,0.09679,0.0,1.258,1.258,-1.16151,,
Sweden,2020-02-17,63.0,16.0,10331337,54651,,,1,0,12,0,1,12,-11,0.0,-1.0,,,,,,,,,,,,0.0,0.0,0.09679,0.0,1.162,1.162,-1.06472,,
Sweden,2020-02-18,63.0,16.0,10331337,54651,,,1,0,11,0,1,11,-10,0.0,-1.0,,,,,,,,,,,,0.0,0.0,0.09679,0.0,1.065,1.065,-0.96793,,
Sweden,2020-02-19,63.0,16.0,10331337,54651,,,1,0,10,0,1,10,-9,0.0,-0.83333,,,,,,,,,,,,0.0,0.0,0.09679,0.0,0.9679,0.9679,-0.87114,,
Sweden,2020-02-20,63.0,16.0,10331337,54651,,,1,0,9,0,1,9,-8,0.0,-0.83333,,,,,,,,,,,,0.0,0.0,0.09679,0.0,0.8711,0.8711,-0.77434,,
Sweden,2020-02-21,63.0,16.0,10331337,54651,,,1,0,8,0,1,8,-7,0.0,-0.83333,,,,,,,,,,,,0.0,0.0,0.09679,0.0,0.7743,0.7743,-0.67755,,
Sweden,2020-02-22,63.0,16.0,10331337,54651,,,1,0,8,0,1,8,-7,0.0,-0.66667,,,,,,,,,,,,0.0,0.0,0.09679,0.0,0.7743,0.7743,-0.67755,,
Sweden,2020-02-23,63.0,16.0,10331337,54651,,,1,0,7,0,1,7,-6,0.1667,-0.5,,,,,,,,,,,,0.0,0.0,0.09679,0.0,0.6776,0.6776,-0.58076,,
Sweden,2020-02-24,63.0,16.0,10331337,54651,,,1,0,6,0,1,6,-5,1.0,-0.5,,,,,,,,,,,,0.0,0.0,0.09679,0.0,0.5808,0.5808,-0.48396,,
Sweden,2020-02-25,63.0,16.0,10331337,54651,,,1,0,6,0,1,6,-5,1.0,-0.5,,,,,,,,,,,,0.0,0.0,0.09679,0.0,0.5808,0.5808,-0.48396,,
Sweden,2020-02-26,63.0,16.0,10331337,54651,,,2,0,6,0,2,6,-4,1.833,-0.16667,,,,0.5,,,,,,,,0.0,0.0,0.1936,0.0,0.5808,0.5808,-0.38717,,
Sweden,2020-02-27,63.0,16.0,10331337,54651,,,7,0,5,0,7,5,2,2.167,0.0,,,,0.6111,,,,,,,,0.0,0.0,0.6776,0.0,0.484,0.484,0.1936,,
Sweden,2020-02-28,63.0,16.0,10331337,54651,,,7,0,5,0,7,5,2,2.333,0.1667,,,,2.25,,,,,0.8056,,,0.0,0.0,0.6776,0.0,0.484,0.484,0.1936,,
Sweden,2020-02-29,63.0,16.0,10331337,54651,,,12,0,6,0,12,6,6,3.167,0.3333,,,,2.167,,,,,1.056,,,0.0,0.0,1.162,0.0,0.5808,0.5808,0.5808,,
Sweden,2020-03-01,63.0,16.0,10331337,54651,1200,people tested,14,0,6,0,14,6,8,4.667,0.6667,,,,3.722,,,,,0.8819,0.1198,,0.0,0.0,1.355,0.0,0.5808,0.5808,0.7743,85.714,116.151
Sweden,2020-03-02,63.0,16.0,10331337,54651,,people tested,15,0,7,0,15,7,8,14.5,1.0,,,,4.833,0.8333,,,,1.486,0.1441,,0.0,0.0,1.452,0.0,0.6776,0.6776,0.7743,,
Sweden,2020-03-03,63.0,16.0,10331337,54651,,people tested,21,0,8,0,21,8,13,14.833,2.167,,,,5.778,1.194,,,,1.285,0.2969,-0.01128,0.0,0.0,2.033,0.0,0.7743,0.7743,1.258,,
Sweden,2020-03-04,63.0,16.0,10331337,54651,,people tested,35,0,9,0,35,9,26,24.5,3.333,,,,8.111,1.611,,,,1.632,0.1111,-0.12977,0.0,0.0,3.388,0.0,0.8711,0.8711,2.517,,
Sweden,2020-03-05,63.0,16.0,10331337,54651,,people tested,94,0,11,0,94,11,83,31.333,5.167,,,,8.861,2.194,,,,2.069,0.07465,-0.29991,0.0,0.0,9.099,0.0,1.065,1.065,8.034,,
Sweden,2020-03-06,63.0,16.0,10331337,54651,,people tested,101,0,19,0,101,19,82,37.833,7.5,,,,11.361,2.806,,,,1.931,-0.375,-0.31684,0.0,0.0,9.776,0.0,1.839,1.839,7.937,,
Sweden,2020-03-07,63.0,16.0,10331337,54651,,people tested,161,0,26,0,161,26,135,53.333,10.333,,,,14.056,3.583,,,,1.583,-0.90278,-0.36719,0.0,0.0,15.584,0.0,2.517,2.517,13.067,,
Sweden,2020-03-08,63.0,16.0,10331337,54651,5500,people tested,203,0,38,0,203,38,165,67.667,14.167,,,,15.833,4.528,,,,0.1319,-1.15625,,0.0,0.0,19.649,0.0,3.678,3.678,15.971,27.094,532.361
Sweden,2020-03-09,63.0,16.0,10331337,54651,,people tested,248,0,53,0,248,53,195,83.0,19.0,,,,15.194,5.528,,,,-1.54167,-1.3941,,0.0,0.0,24.005,0.0,5.13,5.13,18.875,,
Sweden,2020-03-10,63.0,16.0,10331337,54651,,people tested,355,0,71,0,355,71,284,108.833,24.833,,,,11.889,6.306,,,,-2.69444,-0.91493,,0.0,0.0,34.361,0.0,6.872,6.872,27.489,,
Sweden,2020-03-11,63.0,16.0,10331337,54651,,people tested,500,0,96,1,500,97,403,126.333,32.333,,,,7.889,6.806,,,,-3.99306,,,0.01031,0.002,48.396,0.09679,9.292,9.389,39.008,,
Sweden,2020-03-12,63.0,16.0,10331337,54651,,people tested,599,0,133,1,599,134,465,129.0,40.667,,,,5.056,6.806,,,,-3.52778,,,0.00746,0.00167,57.979,0.09679,12.873,12.97,45.009,,
Sweden,2020-03-13,63.0,16.0,10331337,54651,,people tested,814,0,175,1,814,176,638,124.667,48.167,,,,-0.77778,6.583,,,,-2.20139,,,0.00568,0.00123,78.789,0.09679,16.939,17.036,61.754,,
Sweden,2020-03-14,63.0,16.0,10331337,54651,,people tested,961,0,232,2,961,234,727,115.0,55.0,1.0,56.0,59.0,-2.22222,5.806,,,,-0.6875,,,0.00855,0.00208,93.018,0.1936,22.456,22.65,70.368,,
Sweden,2020-03-15,63.0,16.0,10331337,54651,14500,people tested,1022,0,297,3,1022,300,722,113.333,59.833,1.5,61.333,52.0,-0.91667,5.0,,,,,,,0.01,0.00294,98.922,0.2904,28.747,29.038,69.884,14.188,1403.497
Sweden,2020-03-16,63.0,16.0,10331337,54651,,people tested,1103,0,360,6,1103,366,737,104.167,64.333,1.667,66.0,38.167,2.306,4.556,,,,,,,0.01639,0.00544,106.763,0.5808,34.845,35.426,71.336,,
Sweden,2020-03-17,63.0,16.0,10331337,54651,,people tested,1190,0,426,7,1190,433,757,113.0,67.167,2.333,69.5,43.5,4.611,4.25,0.3333,4.583,0.02778,,,,0.01617,0.00588,115.184,0.6776,41.234,41.911,73.272,,
Sweden,2020-03-18,63.0,16.0,10331337,54651,,people tested,1279,0,492,10,1279,502,777,123.5,70.667,2.833,73.5,50.0,9.083,4.111,0.4722,4.583,4.5,3.056,,,0.01992,0.00782,123.798,0.9679,47.622,48.59,75.208,,
Sweden,2020-03-19,63.0,16.0,10331337,54651,,people tested,1439,0,561,11,1439,572,867,138.5,75.5,2.5,78.0,60.5,12.833,3.889,1.139,5.028,7.806,2.771,,,0.01923,0.00764,139.285,1.065,54.301,55.366,83.919,,
Sweden,2020-03-20,63.0,16.0,10331337,54651,,people tested,1639,0,635,16,1639,651,988,142.667,80.5,3.0,83.5,59.167,14.528,4.417,1.306,5.722,8.806,2.465,-0.39583,,0.02458,0.00976,158.644,1.549,61.463,63.012,95.631,,
Sweden,2020-03-21,63.0,16.0,10331337,54651,,people tested,1763,0,721,20,1763,741,1022,167.833,84.5,4.333,88.833,79.0,15.694,4.611,1.889,6.5,9.194,2.333,-0.24653,,0.02699,0.01134,170.646,1.936,69.788,71.724,98.922,,
Sweden,2020-03-22,63.0,16.0,10331337,54651,24900,people tested,1934,0,813,21,1934,834,1100,181.167,87.667,8.5,96.167,85.0,18.944,5.417,1.917,7.333,11.611,1.472,-0.22743,,0.02518,0.01086,187.197,2.033,78.693,80.725,106.472,12.875,2410.143
Sweden,2020-03-23,63.0,16.0,10331337,54651,,people tested,2046,0,909,25,2046,934,1112,200.167,93.667,10.167,103.833,96.333,22.167,6.528,1.861,8.389,13.778,1.785,0.1024,,0.02677,0.01222,198.038,2.42,87.985,90.405,107.634,,
Sweden,2020-03-24,63.0,16.0,10331337,54651,,people tested,2286,0,999,36,2286,1035,1251,217.667,98.333,14.167,112.5,105.167,20.417,7.333,2.333,9.667,10.75,1.556,0.3889,,0.03478,0.01575,221.269,3.485,96.696,100.181,121.088,,
Sweden,2020-03-25,63.0,16.0,10331337,54651,,people tested,2526,0,1087,62,2526,1149,1377,252.167,108.0,14.0,122.0,130.167,22.833,8.75,1.861,10.611,12.222,2.743,0.01736,-0.34071,0.05396,0.02454,244.499,6.001,105.214,111.215,133.284,,
Sweden,2020-03-26,63.0,16.0,10331337,54651,,people tested,2840,0,1197,77,2840,1274,1566,275.667,119.667,14.167,133.833,141.833,25.167,8.917,2.806,11.722,13.444,3.028,-0.12153,-0.51736,0.06044,0.02711,274.892,7.453,115.861,123.314,151.578,,
Sweden,2020-03-27,63.0,16.0,10331337,54651,,people tested,3069,0,1311,105,3069,1416,1653,290.333,128.5,18.333,146.833,143.5,33.139,9.694,3.278,12.972,20.167,1.854,-1.26042,-0.4401,0.07415,0.03421,297.057,10.163,126.895,137.059,159.999,,
Sweden,2020-03-28,63.0,16.0,10331337,54651,,people tested,3447,0,1461,105,3447,1566,1881,318.167,140.167,19.667,159.833,158.333,32.528,10.139,4.694,14.833,17.694,1.069,-1.68056,,0.06705,0.03046,333.645,10.163,141.414,151.578,182.067,,
Sweden,2020-03-29,63.0,16.0,10331337,54651,37200,people tested,3700,0,1627,110,3700,1737,1963,351.167,147.167,27.0,174.167,177.0,30.25,11.5,4.944,16.444,13.806,-2.29861,-1.74306,,0.06333,0.02973,358.134,10.647,157.482,168.129,190.004,10.054,3600.696
Sweden,2020-03-30,63.0,16.0,10331337,54651,,people tested,4028,0,1770,146,4028,1916,2112,416.5,156.5,33.833,190.333,226.167,29.444,13.639,4.028,17.667,11.778,-3.69444,-1.54167,,0.0762,0.03625,389.882,14.132,171.323,185.455,204.427,,
Sweden,2020-03-31,63.0,16.0,10331337,54651,,people tested,4435,0,1928,180,4435,2108,2327,447.333,168.833,42.167,211.0,236.333,23.944,13.778,4.972,18.75,5.194,-5.11806,,,0.08539,0.04059,429.276,17.423,186.617,204.039,225.237,,
Sweden,2020-04-01,63.0,16.0,10331337,54651,,people tested,4947,0,2080,239,4947,2319,2628,457.167,188.667,43.833,232.5,224.667,17.75,13.972,5.278,19.25,-1.5,-5.09722,,,0.1031,0.04831,478.834,23.134,201.329,224.463,254.372,,
Sweden,2020-04-02,63.0,16.0,10331337,54651,,people tested,5568,0,2250,308,5568,2558,3010,467.0,210.333,42.5,252.833,214.167,9.778,14.194,4.889,19.083,-9.30556,-2.52083,,,0.1204,0.05532,538.943,29.812,217.784,247.596,291.347,,
Sweden,2020-04-03,63.0,16.0,10331337,54651,,people tested,6131,0,2474,358,6131,2832,3299,461.833,222.833,49.5,272.333,189.5,9.056,13.167,5.056,18.222,-9.16667,-0.83333,,,0.1264,0.05839,593.437,34.652,239.466,274.117,319.32,,
Sweden,2020-04-04,63.0,16.0,10331337,54651,,people tested,6443,0,2759,373,6443,3132,3311,457.667,231.0,58.667,289.667,168.0,13.861,10.889,6.5,17.389,-3.52778,1.069,,,0.1191,0.05789,623.637,36.104,267.052,303.155,320.481,,
Sweden,2020-04-05,63.0,16.0,10331337,54651,55000,people tested,6830,0,3032,401,6830,3433,3397,475.167,241.667,63.167,304.833,170.333,14.417,10.667,6.417,17.083,-2.66667,1.271,,,0.1168,0.05871,661.095,38.814,293.476,332.29,328.805,8.053,5323.609
Sweden,2020-04-06,63.0,16.0,10331337,54651,,people tested,7206,0,3265,477,7206,3742,3464,501.667,247.833,72.5,320.333,181.333,14.056,13.361,3.472,16.833,-2.77778,-2.25,-1.81771,,0.1275,0.06619,697.49,46.17,316.029,362.199,335.291,,
Sweden,2020-04-07,63.0,16.0,10331337,54651,,people tested,7693,0,3466,591,7693,4057,3636,540.333,254.0,82.833,336.833,203.5,14.139,17.222,-0.66667,16.556,-2.41667,-5.15972,-1.64583,,0.1457,0.07682,744.628,57.205,335.484,392.689,351.939,,
Sweden,2020-04-08,63.0,16.0,10331337,54651,,people tested,8419,0,3700,687,8419,4387,4032,553.5,274.333,81.0,355.333,198.167,4.861,17.278,-0.91667,16.361,-11.5,-6.20139,,,0.1566,0.0816,814.899,66.497,358.134,424.63,390.269,,
Sweden,2020-04-09,63.0,16.0,10331337,54651,,people tested,9141,0,3961,793,9141,4754,4387,546.167,303.0,70.333,373.333,172.833,-6.22222,16.0,-0.69444,15.306,-21.52778,-5.3125,,,0.1668,0.08675,884.784,76.757,383.397,460.153,424.63,,
Sweden,2020-04-10,63.0,16.0,10331337,54651,,people tested,9685,0,4283,870,9685,5153,4532,542.5,334.333,54.667,389.0,153.5,-10.75,14.278,-0.94444,13.333,-24.08333,-0.78472,,,0.1688,0.08983,937.439,84.21,414.564,498.774,438.665,,
Sweden,2020-04-11,63.0,16.0,10331337,54651,,people tested,10151,0,4678,887,10151,5565,4586,504.333,345.333,57.667,403.0,101.333,-7.11111,10.389,0.75,11.139,-18.25,,,,0.1594,0.08738,982.545,85.855,452.797,538.652,443.892,,
Sweden,2020-04-12,63.0,16.0,10331337,54651,74900,people tested,10483,0,5083,899,10483,5982,4501,464.333,343.833,68.333,412.167,52.167,1.722,4.222,5.278,9.5,-7.77778,,,,0.1503,0.08576,1014.68,87.017,491.998,579.015,435.665,7.145,7249.788
Sweden,2020-04-13,63.0,16.0,10331337,54651,,people tested,10948,0,5472,919,10948,6391,4557,475.833,339.667,77.167,416.833,59.0,5.056,0.6667,8.139,8.806,-3.75,,,,0.1438,0.08394,1059.689,88.953,529.651,618.603,441.085,,
Sweden,2020-04-14,63.0,16.0,10331337,54651,,people tested,11445,0,5772,1033,11445,6805,4640,510.833,336.667,85.5,422.167,88.667,8.5,2.861,5.583,8.444,0.05556,3.799,,,0.1518,0.09026,1107.795,99.987,558.689,658.676,449.119,,
Sweden,2020-04-15,63.0,16.0,10331337,54651,,people tested,11927,0,6024,1203,11927,7227,4700,556.5,328.333,102.0,430.333,126.167,16.917,4.25,4.222,8.472,8.444,2.028,,,0.1665,0.1009,1154.449,116.442,583.08,699.522,454.927,,
Sweden,2020-04-16,63.0,16.0,10331337,54651,,people tested,12540,0,6321,1333,12540,7654,4886,572.833,338.333,103.5,441.833,131.0,16.917,5.333,3.917,9.25,7.667,0.6944,-1.08507,,0.1742,0.1063,1213.783,129.025,611.828,740.853,472.93,,
Sweden,2020-04-17,63.0,16.0,10331337,54651,,people tested,13216,0,6698,1400,13216,8098,5118,555.333,362.5,91.167,453.667,101.667,13.167,6.944,3.0,9.944,3.222,-1.76389,-0.96701,,0.1729,0.1059,1279.215,135.51,648.319,783.829,495.386,,
Sweden,2020-04-18,63.0,16.0,10331337,54651,,people tested,13822,0,7053,1511,13822,8564,5258,565.833,369.333,93.667,463.0,102.833,11.278,9.417,0.8056,10.222,1.056,-0.54167,-0.61285,,0.1764,0.1093,1337.871,146.254,682.68,828.934,508.937,,
Sweden,2020-04-19,63.0,16.0,10331337,54651,95100,people tested,14385,0,7502,1540,14385,9042,5343,577.333,371.667,100.667,472.333,105.0,9.861,9.444,0.8611,10.306,-0.44444,-1.84028,,,0.1703,0.1071,1392.366,149.061,726.14,875.201,517.164,6.611,9205.004
Sweden,2020-04-20,63.0,16.0,10331337,54651,,people tested,14777,0,7947,1580,14777,9527,5250,589.833,378.333,103.5,481.833,108.0,14.75,8.444,1.861,10.306,4.444,-1.75694,,,0.1658,0.1069,1430.309,152.933,769.213,922.146,508.163,,
Sweden,2020-04-21,63.0,16.0,10331337,54651,,people tested,15322,0,8240,1765,15322,10005,5317,624.167,384.833,106.833,491.667,132.5,5.806,12.139,-1.47222,10.667,-4.86111,-2.40972,,,0.1764,0.1152,1483.061,170.839,797.573,968.413,514.648,,
Sweden,2020-04-22,63.0,16.0,10331337,54651,,people tested,16004,0,8551,1937,16004,10488,5516,632.0,395.0,108.667,503.667,128.333,4.25,15.417,-5.16667,10.25,-6.0,-5.21528,,,0.1847,0.121,1549.073,187.488,827.676,1015.164,533.91,,
Sweden,2020-04-23,63.0,16.0,10331337,54651,,people tested,16755,0,8968,2021,16755,10989,5766,643.833,413.167,102.333,515.5,128.333,0.2222,14.722,-5.0,9.722,-9.5,-4.56944,,,0.1839,0.1206,1621.765,195.618,868.039,1063.657,558.108,,
Sweden,2020-04-24,63.0,16.0,10331337,54651,,people tested,17567,0,9362,2152,17567,11514,6053,600.667,442.167,84.833,527.0,73.667,-6.11111,14.583,-5.75,8.833,-14.94444,-3.98611,,,0.1869,0.1225,1700.361,208.298,906.175,1114.473,585.887,,
Sweden,2020-04-25,63.0,16.0,10331337,54651,,people tested,18177,0,9872,2192,18177,12064,6113,602.833,464.167,69.667,533.833,69.0,-12.47222,12.778,-5.30556,7.472,-19.94444,-1.53472,,,0.1817,0.1206,1759.404,212.17,955.539,1167.709,591.695,,
Sweden,2020-04-26,63.0,16.0,10331337,54651,119700,people tested,18640,0,10426,2194,18640,12620,6020,591.167,466.667,73.5,540.167,51.0,-11.69444,9.5,-3.86111,5.639,-17.33333,,,,0.1739,0.1177,1804.22,212.364,1009.163,1221.526,582.693,6.422,11586.109
Sweden,2020-04-27,63.0,16.0,10331337,54651,,people tested,18926,0,10893,2274,18926,13167,5759,587.5,472.333,72.333,544.667,42.833,-5.91667,6.972,-2.88889,4.083,-10.0,,,,0.1727,0.1202,1831.902,220.107,1054.365,1274.472,557.43,,
Sweden,2020-04-28,63.0,16.0,10331337,54651,,people tested,19621,0,11336,2355,19621,13691,5930,557.167,471.667,76.833,548.5,8.667,-14.36111,3.25,-0.11111,3.139,-17.5,,,,0.172,0.12,1899.173,227.947,1097.244,1325.192,573.982,,
Sweden,2020-04-29,63.0,16.0,10331337,54651,,people tested,20302,0,11768,2462,20302,14230,6072,573.667,470.167,79.167,549.333,24.333,-17.58333,2.917,-1.36111,1.556,-19.13889,,,,0.173,0.1213,1965.089,238.304,1139.059,1377.363,587.726,,
Sweden,2020-04-30,63.0,16.0,10331337,54651,,people tested,21092,0,12196,2586,21092,14782,6310,565.167,484.0,67.5,551.5,13.667,-19.41667,2.028,-2.19444,-0.16667,-19.25,,,,0.1749,0.1226,2041.556,250.306,1180.486,1430.793,610.763,,
Sweden,2020-05-01,63.0,16.0,10331337,54651,,people tested,21520,0,12702,2653,21520,15355,6165,516.667,483.667,69.0,552.667,-36.0,-6.66667,0.1667,-2.05556,-1.88889,-4.77778,,,,0.1728,0.1233,2082.983,256.792,1229.463,1486.255,596.728,,
Sweden,2020-05-02,63.0,16.0,10331337,54651,,people tested,22082,0,13247,2669,22082,15916,6166,485.667,484.167,65.333,549.5,-63.83333,-7.19444,-3.22222,0.8611,-2.36111,-4.83333,,,,0.1677,0.1209,2137.381,258.34,1282.215,1540.556,596.825,,
Sweden,2020-05-03,63.0,16.0,10331337,54651,148500,people tested,22317,0,13797,2679,22317,16476,5841,471.0,484.5,59.167,543.667,-72.66667,5.917,-6.55556,3.778,-2.77778,8.694,,,,0.1626,0.12,2160.127,259.308,1335.452,1594.76,565.367,6.654,14373.745
Sweden,2020-05-04,63.0,16.0,10331337,54651,,people tested,22721,0,14238,2769,22721,17007,5714,517.167,472.667,64.5,537.167,-20.0,13.917,-3.13889,1.167,-1.97222,15.889,,,,0.1628,0.1219,2199.231,268.02,1378.137,1646.157,553.075,,
Sweden,2020-05-05,63.0,16.0,10331337,54651,,people tested,23216,0,14673,2854,23216,17527,5689,530.5,450.833,84.333,535.167,-4.66667,15.0,-0.83333,0.2778,-0.55556,15.556,-0.20833,,,0.1628,0.1229,2247.144,276.247,1420.242,1696.489,550.655,,
Sweden,2020-05-06,63.0,16.0,10331337,54651,,people tested,23918,0,15103,2941,23918,18044,5874,600.667,444.667,90.167,534.833,65.833,14.667,0.3889,0.4722,0.8611,13.806,-2.54861,,,0.163,0.123,2315.092,284.668,1461.863,1746.531,568.561,,
Sweden,2020-05-07,63.0,16.0,10331337,54651,,people tested,24623,0,15538,3040,24623,18578,6045,600.167,464.833,76.0,540.833,59.333,5.083,1.194,0.9167,2.111,2.972,-5.95833,,,0.1636,0.1235,2383.331,294.25,1503.968,1798.218,585.113,,
Sweden,2020-05-08,63.0,16.0,10331337,54651,,people tested,25265,0,15952,3175,25265,19127,6138,575.667,479.167,67.0,546.167,29.5,3.722,6.639,-4.22222,2.417,1.306,-5.375,,,0.166,0.1257,2445.472,307.317,1544.04,1851.358,594.115,,
Sweden,2020-05-09,63.0,16.0,10331337,54651,,people tested,25921,0,16465,3220,25921,19685,6236,559.0,486.833,62.0,548.833,10.167,-8.83333,5.722,-3.19444,2.528,-11.36111,-1.13889,,,0.1636,0.1242,2508.969,311.673,1593.695,1905.368,603.6,,
Sweden,2020-05-10,63.0,16.0,10331337,54651,177600,people tested,26322,0,17027,3225,26322,20252,6070,547.667,479.833,70.0,549.833,-2.16667,-6.83333,1.694,-0.19444,1.5,-8.33333,-2.65972,,,0.1592,0.1225,2547.783,312.157,1648.093,1960.25,587.533,6.747,17190.418
Sweden,2020-05-11,63.0,16.0,10331337,54651,,people tested,26670,0,17548,3256,26670,20804,5866,552.833,490.667,59.0,549.667,3.167,0.5278,0.1667,0.5833,0.75,-0.22222,,,,0.1565,0.1221,2581.466,315.158,1698.522,2013.679,567.787,,
Sweden,2020-05-12,63.0,16.0,10331337,54651,,people tested,27272,0,18024,3313,27272,21337,5935,547.667,479.0,71.0,550.0,-2.33333,-6.91667,0.3611,0.3611,0.7222,-7.63889,,,,0.1553,0.1215,2639.736,320.675,1744.595,2065.27,574.466,,
Sweden,2020-05-13,63.0,16.0,10331337,54651,,people tested,27909,0,18417,3460,27909,21877,6032,559.167,475.0,74.833,549.833,9.333,-11.0,3.806,-3.80556,0.0,-11.0,-2.36111,,,0.1582,0.124,2701.393,334.903,1782.635,2117.538,583.855,,
Sweden,2020-05-14,63.0,16.0,10331337,54651,,people tested,28582,0,18896,3529,28582,22425,6157,578.833,480.167,70.5,550.667,28.167,-10.44444,0.4444,-1.44444,-1.0,-9.44444,,,,0.1574,0.1235,2766.534,341.582,1828.999,2170.581,595.954,,
Sweden,2020-05-15,63.0,16.0,10331337,54651,,people tested,29207,0,19339,3646,29207,22985,6222,517.5,489.0,64.167,553.167,-35.66667,-8.91667,3.722,-5.58333,-1.86111,-7.05556,,,,0.1586,0.1248,2827.03,352.907,1871.878,2224.785,602.245,,
Sweden,2020-05-16,63.0,16.0,10331337,54651,,people tested,29677,0,19877,3674,29677,23551,6126,481.667,502.667,47.167,549.833,-68.16667,-6.19444,2.972,-5.5,-2.52778,-3.66667,,,,0.156,0.1238,2872.523,355.617,1923.952,2279.569,592.953,,
Sweden,2020-05-17,63.0,16.0,10331337,54651,210300,people tested,30143,0,20429,3679,30143,24108,6035,490.167,493.333,50.333,543.667,-53.5,-11.88889,0.1944,-3.05556,-2.86111,-9.02778,,,,0.1526,0.1221,2917.628,356.101,1977.382,2333.483,584.145,6.977,20355.545
Sweden,2020-05-18,63.0,16.0,10331337,54651,,people tested,30377,0,20958,3698,30377,24656,5721,494.167,501.333,37.5,538.833,-44.66667,-0.63889,-1.27778,-2.36111,-3.63889,3.0,,,,0.15,0.1217,2940.278,357.94,2028.585,2386.526,553.752,,
Sweden,2020-05-19,63.0,16.0,10331337,54651,,people tested,30799,0,21433,3743,30799,25176,5623,522.0,492.833,41.833,534.667,-12.66667,4.278,-3.44444,0.08333,-3.36111,7.639,,,,0.1487,0.1215,2981.124,362.296,2074.562,2436.858,544.266,,
Sweden,2020-05-20,63.0,16.0,10331337,54651,,people tested,31523,0,21856,3831,31523,25687,5836,507.5,481.333,52.167,533.5,-26.0,-0.66667,-2.44444,-0.22222,-2.66667,2.0,,,,0.1491,0.1215,3051.202,370.814,2115.505,2486.319,564.883,,
Sweden,2020-05-21,63.0,16.0,10331337,54651,,people tested,32172,0,22347,3871,32172,26218,5954,513.667,481.333,50.0,531.333,-17.66667,-1.36111,-5.94444,3.444,-2.5,1.139,0.6181,,,0.1476,0.1203,3114.021,374.685,2163.031,2537.716,576.305,,
Sweden,2020-05-22,63.0,16.0,10331337,54651,,people tested,32809,0,22834,3925,32809,26759,6050,507.333,482.0,47.667,529.667,-22.33333,-5.94444,-4.86111,2.5,-2.36111,-3.58333,,,,0.1467,0.1196,3175.678,379.912,2210.169,2590.081,585.597,,
Sweden,2020-05-23,63.0,16.0,10331337,54651,,people tested,33188,0,23317,3992,33188,27309,5879,486.167,478.667,49.0,527.667,-41.5,6.75,-3.94444,1.25,-2.69444,9.444,,0.4392,,0.1462,0.1203,3212.363,386.397,2256.92,2643.317,569.045,,
Sweden,2020-05-24,63.0,16.0,10331337,54651,239300,people tested,33459,0,23846,3998,33459,27844,5615,486.0,465.667,58.167,523.833,-37.83333,15.889,-4.58333,2.694,-1.88889,17.778,,,,0.1436,0.1195,3238.593,386.978,2308.123,2695.101,543.492,7.152,23162.539
Sweden,2020-05-25,63.0,16.0,10331337,54651,,people tested,33843,0,24325,4029,33843,28354,5489,486.333,463.667,56.833,520.5,-34.16667,18.194,-2.47222,2.222,-0.25,18.444,2.375,,0.6363,0.1421,0.119,3275.762,389.979,2354.487,2744.466,531.296,,
Sweden,2020-05-26,63.0,16.0,10331337,54651,,people tested,34440,0,24728,4125,34440,28853,5587,548.0,457.667,59.667,517.333,30.667,12.694,1.861,-0.44444,1.417,11.278,11.014,,,0.143,0.1198,3333.547,399.271,2393.495,2792.765,540.782,,
Sweden,2020-05-27,63.0,16.0,10331337,54651,,people tested,35088,0,25141,4220,35088,29361,5727,609.0,453.833,66.167,520.0,89.0,16.25,5.278,-2.80556,2.472,13.778,10.167,2.984,,0.1437,0.1203,3396.269,408.466,2433.47,2841.936,554.333,,
Sweden,2020-05-28,63.0,16.0,10331337,54651,,people tested,35727,0,25616,4266,35727,29882,5845,616.5,467.167,61.0,528.167,88.333,59.944,5.5,-1.80556,3.694,56.25,11.91,-0.35069,,0.1428,0.1194,3458.12,412.918,2479.447,2892.365,565.754,,
Sweden,2020-05-29,63.0,16.0,10331337,54651,,people tested,36476,0,26063,4350,36476,30413,6063,562.333,489.833,46.333,536.167,26.167,58.861,12.889,-4.05556,8.833,50.028,14.312,-0.9375,-2.99566,0.143,0.1193,3530.618,421.049,2522.713,2943.762,586.855,,
Sweden,2020-05-30,63.0,16.0,10331337,54651,,people tested,37113,0,26569,4395,37113,30964,6149,583.5,497.333,41.333,538.667,44.833,60.333,17.639,-4.25,13.389,46.944,9.611,-6.67014,,0.1419,0.1184,3592.275,425.405,2571.69,2997.095,595.18,,
Sweden,2020-05-31,63.0,16.0,10331337,54651,275800,people tested,37542,0,27128,4395,37542,31523,6019,846.0,496.667,46.0,542.667,303.333,73.5,20.556,-2.91667,17.639,55.861,6.417,-8.99826,,0.1394,0.1171,3633.799,425.405,2625.798,3051.202,582.596,7.346,26695.48
Sweden,2020-06-01,63.0,16.0,10331337,54651,,people tested,37814,0,27667,4403,37814,32070,5744,901.167,535.0,35.333,570.333,330.833,98.389,23.333,-0.61111,22.722,75.667,-14.77083,-9.38021,,0.1373,0.1164,3660.126,426.179,2677.969,3104.148,555.978,,
Sweden,2020-06-02,63.0,16.0,10331337,54651,,people tested,38589,0,28125,4468,38589,32593,5996,971.0,559.667,40.667,600.333,370.667,84.528,30.194,-0.61111,29.583,54.944,-21.68056,-7.83854,,0.1371,0.1158,3735.141,432.471,2722.3,3154.771,580.37,,
Sweden,2020-06-03,63.0,16.0,10331337,54651,,people tested,40803,0,28596,4542,40803,33138,7665,1057.5,590.5,43.5,634.0,423.5,1.25,37.389,-2.80556,34.583,-33.33333,-27.90972,,,0.1371,0.1113,3949.44,439.633,2767.89,3207.523,741.918,,
Sweden,2020-06-04,63.0,16.0,10331337,54651,,people tested,41883,0,29273,4562,41883,33835,8048,1152.667,629.833,42.667,672.5,480.167,-13.22222,30.944,0.5833,31.528,-44.75,-24.9375,,,0.1348,0.1089,4053.977,441.569,2833.418,3274.988,778.989,,
Sweden,2020-06-05,63.0,16.0,10331337,54651,,people tested,42939,0,29927,4639,42939,34566,8373,1090.667,678.5,37.667,716.167,374.5,-13.25,29.417,-1.91667,27.5,-40.75,-5.27778,,,0.1342,0.108,4156.19,449.022,2896.721,3345.743,810.447,,
Sweden,2020-06-06,63.0,16.0,10331337,54651,,people tested,43887,0,30671,4656,43887,35327,8560,853.5,721.0,29.167,750.167,103.333,-15.22222,25.556,-1.75,23.806,-39.02778,,,,0.1318,0.1061,4247.95,450.668,2968.735,3419.403,828.547,,
Sweden,2020-06-07,63.0,16.0,10331337,54651,325000,people tested,44730,0,31446,4659,44730,36105,8625,821.833,720.667,38.833,759.5,62.333,-19.86111,21.389,-1.13889,20.25,-40.11111,,,,0.129,0.1042,4329.546,450.958,3043.749,3494.707,834.839,7.266,31457.69
Sweden,2020-06-08,63.0,16.0,10331337,54651,325000,people tested,45133,0,32196,4694,45133,36890,8243,891.5,736.167,29.167,765.333,126.167,-1.75,17.861,-1.27778,16.583,-18.33333,,,,0.1272,0.104,4368.554,454.346,3116.344,3570.69,797.864,7.201,31457.69
Sweden,2020-06-09,63.0,16.0,10331337,54651,325000,people tested,45924,0,32922,4717,45924,37639,8285,966.167,743.833,33.0,776.833,189.333,37.167,14.972,-0.02778,14.944,22.222,,,,0.1253,0.1027,4445.117,456.572,3186.616,3643.188,801.929,7.077,31457.69
Sweden,2020-06-10,63.0,16.0,10331337,54651,325000,people tested,46814,0,33597,4795,46814,38392,8422,1033.5,758.167,35.833,794.0,239.5,43.833,19.444,-2.47222,16.972,26.861,,,,0.1249,0.1024,4531.263,464.122,3251.951,3716.073,815.19,6.942,31457.69
Sweden,2020-06-11,63.0,16.0,10331337,54651,325000,people tested,48288,0,34344,4814,48288,39158,9130,1080.167,785.667,30.0,815.667,264.5,,,,,,,,,0.1229,0.09969,4673.935,465.961,3324.255,3790.216,883.719,6.73,31457.69
Sweden,2020-06-12,63.0,16.0,10331337,54651,325000,people tested,49684,0,35134,4854,49684,39988,9696,1076.5,810.833,29.0,839.833,236.667,,,,,,,,,0.1214,0.0977,4809.058,469.833,3400.722,3870.554,938.504,6.541,31457.69
Sweden,2020-06-13,63.0,16.0,10331337,54651,325000,people tested,50931,0,35995,4874,50931,40869,10062,1084.833,837.333,24.0,861.333,223.5,,,,,,,,,0.1193,0.0957,4929.759,471.769,3484.06,3955.829,973.93,6.381,31457.69
Sweden,2020-06-14,63.0,16.0,10331337,54651,325000,people tested,51614,0,36910,4874,51614,41784,9830,,,,,,,,,,,,,,0.1166,0.09443,4995.868,471.769,3572.626,4044.394,951.474,6.297,31457.69
Sweden,2020-06-15,63.0,16.0,10331337,54651,325000,people tested,52383,0,37787,4891,52383,42678,9705,,,,,,,,,,,,,,0.1146,0.09337,5070.302,473.414,3657.513,4130.927,939.375,6.204,31457.69
Sweden,2020-06-16,63.0,16.0,10331337,54651,325000,people tested,53323,0,38621,4939,53323,43560,9763,,,,,,,,,,,,,,0.1134,0.09262,5161.287,478.06,3738.238,4216.298,944.989,6.095,31457.69
